id,symbol,name,inceptionDate,categoryOne,categoryTwo,categoryThree,marketCap,currentDividendYield,historicalAverageDividendYield,everageFactor,averageVolume,action,updatedAt,createdAt,userId
1,PHYS,Sprott Physical Gold Trust CEF,02/26/2010,Commodities,Broad market,Actively managed,"4,837,323,666.00  $",0%,0%,1.00,"1,272,141",Analyze,2022-01-11 18:12:44,2022-01-11 18:12:44,
2,NEA,Nuveen AMT-Free Quality Municipal Income Fund CEF,11/22/2002,US Fixed Income,Municipal bonds,Unconstrained,"4,512,474,230.00  $",5%,6%,1.59,"437,543",Analyze,2022-01-11 18:12:44,2022-01-11 18:12:44,
3,CEF,Sprott Physical Gold and Silver Trust CEF,01/02/1990,Commodities,Precious metals,Broad market,"3,825,446,677.00  $",0%,0%,1.00,"561,103",Analyze,2022-01-11 18:12:44,2022-01-11 18:12:44,
4,DNP,DNP Select Income Fund Inc. CEF,01/21/1987,US Equity,Single sector,Utilities,"3,730,281,849.00  $",9%,8%,1.32,"426,475",Analyze,2022-01-11 18:12:44,2022-01-11 18:12:44,
5,NVG,Nuveen AMT-Free Municipal Credit Income Fund CEF,03/27/2002,US Fixed Income,Municipal bonds,Unconstrained,"3,667,132,882.00  $",5%,6%,1.59,"269,249",Analyze,2022-01-11 18:12:44,2022-01-11 18:12:44,
6,BIGZ,BlackRock Innovation and Growth Trust CEF,03/26/2021,Alternatives,Options,Broad,"3,440,665,810.00  $",6%,5%,1.00,"3,850,204",Analyze,2022-01-11 18:12:44,2022-01-11 18:12:44,
7,NAD,Nuveen Quality Municipal Income Fund CEF,05/26/1999,US Fixed Income,Municipal bonds,Unconstrained,"3,331,355,937.00  $",5%,6%,1.59,"306,299",Analyze,2022-01-11 18:12:44,2022-01-11 18:12:44,
8,PSLV,Sprott Physical Silver Trust CEF,10/29/2010,Commodities,Precious metals,Silver,"3,322,458,232.00  $",0%,0%,1.00,"2,864,158",Analyze,2022-01-11 18:12:44,2022-01-11 18:12:44,
9,EXG,Eaton Vance Tax-Managed Global Diversified Equity Income Fund CEF,02/23/2007,Alternatives,Options,Covered calls,"3,174,008,998.00  $",8%,11%,1.05,"496,216",Analyze,2022-01-11 18:12:44,2022-01-11 18:12:44,
10,CSQ,Calamos Strategic Total Return Fund CEF,04/01/2004,Asset Allocation,Global,Moderate,"2,899,817,875.00  $",7%,8%,1.46,"210,110",Analyze,2022-01-11 18:12:44,2022-01-11 18:12:44,
11,BSTZ,Science and Technology Trust II CEF,06/26/2019,Global Equity,Global,Large and mid cap,"2,673,800,299.00  $",9%,6%,1.03,"252,511",Analyze,2022-01-11 18:12:44,2022-01-11 18:12:44,
12,BMEZ,BlackRock Health Sciences Trust II CEF,01/29/2020,US Equity,Single sector,Health care,"2,660,134,568.00  $",7%,5%,1.03,"273,184",Analyze,2022-01-11 18:12:44,2022-01-11 18:12:44,
13,UTF,"Cohen & Steers Infrastructure Fund, Inc. CEF",05/11/2004,US Equity,Thematic,Infrastructure,"2,656,850,358.00  $",7%,8%,1.46,"161,340",Analyze,2022-01-11 18:12:44,2022-01-11 18:12:44,
14,GDV,The Gabelli Dividend & Income Trust CEF,11/25/2003,US Equity,Broad Market,Multi-cap,"2,425,671,565.00  $",6%,7%,1.22,"128,642",Analyze,2022-01-11 18:12:44,2022-01-11 18:12:44,
15,NZF,Nuveen Municipal Credit Income Fund CEF,09/26/2001,US Fixed Income,Municipal bonds,Unconstrained,"2,370,660,112.00  $",5%,6%,1.59,"138,752",Analyze,2022-01-11 18:12:44,2022-01-11 18:12:44,
16,RQI,"Cohen & Steers Quality Income Realty Fund, Inc. CEF",02/26/2002,US Equity,Single industry,REITs,"2,329,120,023.00  $",7%,11%,1.31,"389,301",Analyze,2022-01-11 18:12:44,2022-01-11 18:12:44,
17,ETY,Eaton Vance Tax-Managed Diversified Equity Income Fund CEF,11/28/2006,Alternatives,Options,Covered calls,"2,233,274,476.00  $",8%,10%,1.02,"229,273",Analyze,2022-01-11 18:12:44,2022-01-11 18:12:44,
18,NAC,Nuveen California Quality Municipal Income Fund CEF,05/26/1999,US Fixed Income,Municipal bonds,Investment grade,"2,186,946,741.00  $",5%,6%,1.56,"140,929",Analyze,2022-01-11 18:12:44,2022-01-11 18:12:44,
19,BCAT,BlackRock Capital Allocation Trust CEF,09/25/2020,Asset Allocation,US,Moderate,"2,154,860,491.00  $",7%,5%,1.26,"759,346",Analyze,2022-01-11 18:12:44,2022-01-11 18:12:44,
20,EVT,Eaton Vance Tax-Advantaged Dividend Income Fund CEF,09/26/2003,Asset Allocation,US,Moderate,"2,147,156,237.00  $",6%,8%,1.25,"80,955",Analyze,2022-01-11 18:12:44,2022-01-11 18:12:44,
21,ADX,"Adams Diversified Equity Fund, Inc. CEF",01/01/1929,US Equity,Broad market,Large cap,"2,115,372,232.00  $",16%,3%,1.01,"244,767",Analyze,2022-01-11 18:12:44,2022-01-11 18:12:44,
22,NUV,"Nuveen Municipal Value Fund, Inc. CEF",06/17/1987,US Fixed Income,Municipal bonds,Investment grade,"2,111,364,412.00  $",4%,6%,1.02,"608,195",Analyze,2022-01-11 18:12:44,2022-01-11 18:12:44,
23,NTG,"Tortoise MLP Fund, Inc. CEF",01/02/2001,Special Security Types,MLPs,Energy,"2,039,102,242.00  $",5%,1%,1.78,"26,981",Analyze,2022-01-11 18:12:44,2022-01-11 18:12:44,
24,JPS,Nuveen Preferred Securities Income Fund CEF,09/24/2002,Special Security Types,Preferred stock,U.S.,"1,964,537,017.00  $",7%,8%,1.57,"566,347",Analyze,2022-01-11 18:12:44,2022-01-11 18:12:44,
25,RVT,"Royce Value Trust, Inc. CEF",01/15/1986,US Equity,Broad market,Small cap,"1,950,257,404.00  $",9%,7%,1.04,"358,901",Analyze,2022-01-11 18:12:44,2022-01-11 18:12:44,
26,UTG,Reaves Utility Income Fund CEF,02/25/2004,US Equity,Single sector,Utilities,"1,912,075,950.00  $",6%,7%,1.30,"210,875",Analyze,2022-01-11 18:12:44,2022-01-11 18:12:44,
27,BDJ,Blackrock Enhanced Equity Dividend Trust CEF,08/26/2005,US Equity,Broad market,Large and mid cap,"1,897,929,139.00  $",9%,9%,1.02,"548,790",Analyze,2022-01-11 18:12:44,2022-01-11 18:12:44,
28,PDO,PIMCO Dynamic Income Opportunities Fund CEF,01/27/2021,US Fixed Income,Broad market,Investment grade,"1,869,434,496.00  $",9%,8%,1.82,"650,738",Analyze,2022-01-11 18:12:44,2022-01-11 18:12:44,
29,USA,Liberty All-Star Equity Fund CEF,11/05/1987,US Equity,Broad market,Large and mid cap,"1,862,343,126.00  $",10%,10%,1.00,"1,233,148",Analyze,2022-01-11 18:12:44,2022-01-11 18:12:44,
30,GAB,The Gabelli Equity Trust Inc. CEF,08/21/1986,US Equity,Broad market,Large and mid cap,"1,848,112,685.00  $",9%,12%,1.37,"638,364",Analyze,2022-01-11 18:12:44,2022-01-11 18:12:44,
31,PDI,PIMCO Dynamic Income Fund CEF,05/25/2012,Global Fixed Income,Global,Broad market,"1,841,700,232.00  $",11%,12%,1.69,"1,313,036",Analyze,2022-01-11 18:12:44,2022-01-11 18:12:44,
32,BTT,Blackrock Municipal 2030 Target Term Trust CEF,08/29/2012,US Fixed Income,Municipal bonds,Investment grade,"1,802,122,395.00  $",3%,4%,1.51,"68,022",Analyze,2022-01-11 18:12:44,2022-01-11 18:12:44,
33,PTY,PIMCO Corporate & Income Opportunity Fund CEF,12/24/2002,Global Fixed Income,Global,Broad market,"1,759,754,133.00  $",10%,11%,1.46,"767,041",Analyze,2022-01-11 18:12:44,2022-01-11 18:12:44,
34,TY,Tri-Continental Corporation CEF,01/05/1929,Asset Allocation,US,Moderate,"1,734,379,071.00  $",4%,4%,1.01,"77,454",Analyze,2022-01-11 18:12:44,2022-01-11 18:12:44,
35,ETG,Eaton Vance Tax-Advantaged Global Dividend Income Fund CEF,01/28/2004,Asset Allocation,Global,Moderate,"1,709,887,796.00  $",7%,8%,1.33,"116,034",Analyze,2022-01-11 18:12:44,2022-01-11 18:12:44,
36,DSL,DoubleLine Income Solutions Fund CEF,04/26/2013,US Fixed Income,Broad market,Unconstrained,"1,663,568,265.00  $",11%,10%,1.48,"680,926",Analyze,2022-01-11 18:12:44,2022-01-11 18:12:44,
37,BXMX,Nuveen S&P 500 Buy-Write Income Fund CEF,10/27/2004,Alternatives,Options,Covered calls,"1,551,934,740.00  $",6%,8%,1.03,"189,554",Analyze,2022-01-11 18:12:44,2022-01-11 18:12:44,
38,EVV,Eaton Vance Limited Duration Income Fund CEF,05/28/2003,US Fixed Income,Broad market,Unconstrained,"1,524,153,785.00  $",10%,9%,1.57,"360,005",Analyze,2022-01-11 18:12:44,2022-01-11 18:12:44,
39,ETV,Eaton Vance Tax-Managed Buy-Write Opportunities Fund CEF,06/28/2005,Alternatives,Options,Covered calls,"1,516,937,893.00  $",9%,10%,1.02,"287,970",Analyze,2022-01-11 18:12:44,2022-01-11 18:12:44,
40,FPF,First Trust Intermediate Duration Preferred & Income Fund CEF,05/24/2013,Special Security Types,Preferred stock,Global,"1,488,766,927.00  $",6%,8%,1.45,"91,939",Analyze,2022-01-11 18:12:44,2022-01-11 18:12:44,
41,NFJ,"AllianzGI NFJ Dividend, Interest & Premium Strategy Fund CEF",02/24/2005,Asset Allocation,US,Moderate,"1,486,488,790.00  $",7%,9%,1.02,"248,096",Analyze,2022-01-11 18:12:44,2022-01-11 18:12:44,
42,HYT,Blackrock Corporate High Yield Fund CEF,05/28/2003,US Fixed Income,Corporate bonds,High yield,"1,473,820,037.00  $",8%,9%,1.43,"442,864",Analyze,2022-01-11 18:12:44,2022-01-11 18:12:44,
43,NMZ,Nuveen Municipal High Income Opportunity Fund CEF,11/20/2003,US Fixed Income,Municipal bonds,High yield,"1,465,068,316.00  $",6%,7%,1.49,"306,986",Analyze,2022-01-11 18:12:44,2022-01-11 18:12:44,
44,BIF,Boulder Growth & Income Fund Inc. CEF,01/05/1988,US Equity,Broad market,Large and mid cap,"1,454,410,504.00  $",4%,9%,1.00,"86,605",Analyze,2022-01-11 18:12:44,2022-01-11 18:12:44,
45,BBN,Blackrock Taxable Municipal Bond Trust CEF,08/27/2010,US Fixed Income,Municipal bonds,Taxable,"1,424,142,057.00  $",6%,7%,1.58,"149,526",Analyze,2022-01-11 18:12:44,2022-01-11 18:12:44,
46,RNP,"Cohen & Steers REIT and Preferred Income Fund, Inc. CEF",06/25/2003,Asset Allocation,US,Moderate,"1,361,326,542.00  $",7%,9%,1.33,"95,990",Analyze,2022-01-11 18:12:44,2022-01-11 18:12:44,
47,BTZ,Blackrock Credit Allocation Income Trust CEF,12/22/2006,US Fixed Income,Corporate bonds,Unconstrained,"1,343,293,216.00  $",7%,8%,1.42,"224,311",Analyze,2022-01-11 18:12:44,2022-01-11 18:12:44,
48,PTA,Cohen & Steers Tax-Advantaged Preferred Securities and Income Fund CEF,10/28/2020,Special Security Types,Preferred stock,Global,"1,326,010,233.00  $",8%,7%,1.49,"360,758",Analyze,2022-01-11 18:12:44,2022-01-11 18:12:44,
49,QQQX,Nuveen Nasdaq 100 Dynamic Overwrite Fund CEF,02/01/2007,Alternatives,Options,Covered calls,"1,210,370,422.00  $",6%,8%,1.00,"121,813",Analyze,2022-01-11 18:12:44,2022-01-11 18:12:44,
50,NRK,Nuveen New York AMT-Free Quality Municipal Income Fund CEF,11/22/2002,US Fixed Income,Municipal bonds,Investment grade,"1,191,634,253.00  $",5%,5%,1.60,"87,374",Analyze,2022-01-11 18:12:44,2022-01-11 18:12:44,
51,ETW,Eaton Vance Tax-Managed Global Buy-Write Opportunities Fund CEF,09/28/2005,Alternatives,Options,Covered calls,"1,190,951,794.00  $",9%,10%,1.02,"193,857",Analyze,2022-01-11 18:12:44,2022-01-11 18:12:44,
52,EOS,Eaton Vance Enhanced Equity Income Fund II CEF,01/27/2005,Alternatives,Options,Covered calls,"1,164,978,149.00  $",7%,9%,1.01,"102,232",Analyze,2022-01-11 18:12:44,2022-01-11 18:12:44,
53,BST,Blackrock Science and Technology Trust CEF,10/29/2014,Global Equity,Single sector,Information technology,"1,160,897,756.00  $",9%,6%,1.00,"214,870",Analyze,2022-01-11 18:12:44,2022-01-11 18:12:44,
54,CET,Central Securities Corporation CEF,10/01/1929,US Equity,Broad market,Large and mid cap,"1,155,102,540.00  $",8%,3%,1.00,"97,850",Analyze,2022-01-11 18:12:44,2022-01-11 18:12:44,
55,CHY,Calamos Convertible and High Income Fund CEF,05/29/2003,US Fixed Income,Broad market,Unconstrained,"1,144,903,799.00  $",8%,9%,1.52,"123,265",Analyze,2022-01-11 18:12:44,2022-01-11 18:12:44,
56,IGR,CBRE Clarion Global Real Estate Income Fund CEF,02/25/2004,Asset Allocation,Global,Moderate,"1,097,116,549.00  $",6%,10%,1.20,"280,015",Analyze,2022-01-11 18:12:44,2022-01-11 18:12:44,
57,AOD,Aberdeen Total Dynamic Dividend Fund CEF,01/26/2007,Global Equity,Global,Large and mid cap,"1,084,344,659.00  $",7%,12%,1.00,"375,385",Analyze,2022-01-11 18:12:44,2022-01-11 18:12:44,
58,CLM,"Cornerstone Strategic Value Fund, Inc. CEF",06/30/1987,US Equity,Broad market,Large cap,"1,078,089,807.00  $",17%,18%,1.01,"1,290,591",Analyze,2022-01-11 18:12:44,2022-01-11 18:12:44,
59,GAM,General American Investors Fund CEF,07/01/1985,US Equity,Broad market,Large and mid cap,"1,066,984,978.00  $",1%,8%,1.03,"20,171",Analyze,2022-01-11 18:12:44,2022-01-11 18:12:44,
60,HQH,Tekla Healthcare Investors CEF,01/05/1988,US Equity,Single sector,Health care,"1,042,224,967.00  $",9%,9%,1.01,"125,734",Analyze,2022-01-11 18:12:44,2022-01-11 18:12:44,
61,CHI,Calamos Convertible Opportunities and Income Fund CEF,06/27/2002,US Fixed Income,Broad market,Unconstrained,"1,041,870,842.00  $",8%,10%,1.52,"142,756",Analyze,2022-01-11 18:12:44,2022-01-11 18:12:44,
62,AWF,"AllianceBernstein Global High Income Fund, Inc. CEF",07/29/1993,Global Fixed Income,Global,High yield,"1,038,205,311.00  $",7%,12%,1.02,"182,537",Analyze,2022-01-11 18:12:44,2022-01-11 18:12:44,
63,KYN,Kayne Anderson MLP Investment Company CEF,09/28/2004,Special Security Types,MLPs,Energy,"1,033,076,516.00  $",8%,8%,1.42,"832,068",Analyze,2022-01-11 18:12:44,2022-01-11 18:12:44,
64,JPC,Nuveen Preferred Income Opportunities Fund CEF,03/27/2003,Special Security Types,Preferred stock,Global,"1,018,048,218.00  $",7%,9%,1.59,"341,600",Analyze,2022-01-11 18:12:44,2022-01-11 18:12:44,
65,THQ,Tekla Healthcare Opportunities Fund CEF,07/29/2014,US Equity,Single sector,Health care,"989,276,873.00  $",6%,7%,1.26,"73,561",Analyze,2022-01-11 18:12:44,2022-01-11 18:12:44,
66,MYI,Blackrock MuniYield Quality Fund III CEF,04/21/1992,US Fixed Income,Municipal bonds,Investment grade,"982,051,313.00  $",5%,6%,1.61,"98,088",Analyze,2022-01-11 18:12:44,2022-01-11 18:12:44,
67,EIM,Eaton Vance Municipal Bond Fund CEF,08/28/2002,US Fixed Income,Municipal bonds,Investment grade,"964,172,666.00  $",5%,6%,1.70,"113,304",Analyze,2022-01-11 18:12:44,2022-01-11 18:12:44,
68,FAX,"Aberdeen Asia-Pacific Income Fund, Inc. CEF",02/10/1988,Global Fixed Income,Global ex-US,Broad market,"956,105,664.00  $",9%,10%,1.52,"1,030,779",Analyze,2022-01-11 18:12:44,2022-01-11 18:12:44,
69,FFC,Flaherty & Crumrine Preferred Securities Income Fund Incorporated CEF,01/29/2003,Special Security Types,Preferred stock,U.S.,"955,672,787.00  $",8%,9%,1.50,"99,142",Analyze,2022-01-11 18:12:44,2022-01-11 18:12:44,
70,CII,Blackrock Enhanced Capital and Income Fund CEF,04/28/2004,US Equity,Broad market,Large and mid cap,"951,698,598.00  $",6%,9%,1.02,"77,410",Analyze,2022-01-11 18:12:44,2022-01-11 18:12:44,
71,RA,Brookfield Real Assets Income Fund Inc. CEF,12/05/2016,US Equity,Thematic,Infrastructure,"942,380,627.00  $",11%,11%,1.25,"246,390",Analyze,2022-01-11 18:12:44,2022-01-11 18:12:44,
72,VMO,Invesco Municipal Opportunity Trust CEF,06/04/1992,US Fixed Income,Municipal bonds,Investment grade,"923,579,020.00  $",5%,7%,1.65,"115,116",Analyze,2022-01-11 18:12:44,2022-01-11 18:12:44,
73,NDMO,Nuveen Dynamic Municipal Opportunities CEF,08/27/2020,US Fixed Income,Municipal bonds,Unconstrained,"922,644,177.00  $",6%,6%,1.61,"117,463",Analyze,2022-01-11 18:12:44,2022-01-11 18:12:44,
74,WDI,Western Asset Diversified Income Fund CEF,06/25/2021,US Fixed Income,Broad market,Unconstrained,"920,092,000.00  $",4%,8%,1.00,"420,413",Analyze,2022-01-11 18:12:44,2022-01-11 18:12:44,
75,GOF,Guggenheim Strategic Opportunities Fund CEF,07/27/2007,Global Fixed Income,Global,Broad market,"918,746,544.00  $",12%,11%,1.02,"686,199",Analyze,2022-01-11 18:12:44,2022-01-11 18:12:44,
76,BTO,John Hancock Financial Opportunities Fund CEF,08/17/1994,Global Equity,Single sector,Financials,"914,802,477.00  $",4%,10%,1.18,"36,562",Analyze,2022-01-11 18:12:44,2022-01-11 18:12:44,
77,OXLC,Oxford Lane Capital CEF,01/20/2011,US Fixed Income,Bank loans,Broad market,"911,170,000.00  $",14%,16%,1.52,"1,588,114",Analyze,2022-01-11 18:12:44,2022-01-11 18:12:44,
78,PML,PIMCO Municipal Income Fund II CEF,06/26/2002,US Fixed Income,Municipal bonds,Investment grade,"907,315,960.00  $",5%,6%,1.87,"98,749",Analyze,2022-01-11 18:12:44,2022-01-11 18:12:44,
79,HTD,John Hancock Tax-Advantaged Dividend Income Fund CEF,02/25/2004,US Equity,Broad Market,Multi-cap,"906,968,983.00  $",6%,8%,1.47,"64,166",Analyze,2022-01-11 18:12:44,2022-01-11 18:12:44,
80,DLY,DoubleLine Yield Opportunities Fund CEF,02/26/2020,US Fixed Income,Broad market,Unconstrained,"893,709,321.00  $",9%,8%,1.13,"315,000",Analyze,2022-01-11 18:12:44,2022-01-11 18:12:44,
81,JQC,Nuveen Credit Strategies Income Fund CEF,06/26/2003,US Fixed Income,Bank loans,Broad market,"889,596,942.00  $",11%,9%,1.67,"819,473",Analyze,2022-01-11 18:12:44,2022-01-11 18:12:44,
82,BCX,Blackrock Resources & Commodities Strategy Trust CEF,03/29/2011,Global Equity,Single industry,Natural resources,"883,890,937.00  $",5%,8%,1.01,"346,550",Analyze,2022-01-11 18:12:44,2022-01-11 18:12:44,
83,AIO,AllianzGI Artificial Intelligence & Technology Opportunities Fund CEF,10/29/2019,US Equity,Single industry,Information technology,"856,750,116.00  $",21%,15%,1.00,"172,220",Analyze,2022-01-11 18:12:44,2022-01-11 18:12:44,
84,BHK,Blackrock Core Bond Trust CEF,11/28/2001,US Fixed Income,Broad market,Investment grade,"838,151,858.00  $",6%,7%,1.56,"103,470",Analyze,2022-01-11 18:12:44,2022-01-11 18:12:44,
85,PHK,PIMCO High Income Fund CEF,04/25/2003,Global Fixed Income,Global,Broad market,"828,346,341.00  $",10%,12%,1.46,"580,943",Analyze,2022-01-11 18:12:44,2022-01-11 18:12:44,
86,NMCO,Nuveen Municipal Credit Opportunities Fund CEF,09/17/2019,US Fixed Income,Municipal bonds,High yield,"825,779,240.00  $",5%,5%,1.05,"99,771",Analyze,2022-01-11 18:12:44,2022-01-11 18:12:44,
87,NIE,AllianzGI Equity & Convertible Income Fund CEF,02/23/2007,Asset Allocation,US,Moderate,"806,053,792.00  $",13%,8%,1.01,"96,509",Analyze,2022-01-11 18:12:44,2022-01-11 18:12:44,
88,BOE,Blackrock Enhanced Global Dividend Trust CEF,05/26/2005,Global Equity,Global,Large and mid cap,"793,664,999.00  $",7%,10%,1.01,"166,540",Analyze,2022-01-11 18:12:44,2022-01-11 18:12:44,
89,HFRO,Highland Floating Rate Opportunities Fund CEF,11/06/2017,US Fixed Income,Bank loans,Broad market,"787,602,908.00  $",9%,8%,1.53,"294,532",Analyze,2022-01-11 18:12:44,2022-01-11 18:12:44,
90,PDT,John Hancock Premium Dividend Fund CEF,12/15/1989,US Equity,Single sector,Utilities,"786,830,012.00  $",7%,8%,1.52,"106,807",Analyze,2022-01-11 18:12:44,2022-01-11 18:12:44,
91,EOI,Eaton Vance Enhanced Equity Income Fund CEF,10/27/2004,Alternatives,Options,Covered calls,"783,725,287.00  $",6%,8%,1.02,"71,550",Analyze,2022-01-11 18:12:44,2022-01-11 18:12:44,
92,WIW,Western Asset/Claymore Inflation-Linked Opportunities & Income Fund CEF,02/25/2004,US Fixed Income,U.S. treasury bonds,Inflation-Protected,"778,874,026.00  $",7%,5%,1.49,"184,820",Analyze,2022-01-11 18:12:44,2022-01-11 18:12:44,
93,EMD,Western Asset Emerging Markets Debt Fund Inc. CEF,12/02/2003,Global Fixed Income,Emerging markets,Broad market,"774,511,653.00  $",10%,9%,1.40,"301,377",Analyze,2022-01-11 18:12:44,2022-01-11 18:12:44,
94,LDP,"Cohen & Steers Limited Duration Preferred and Income Fund, Inc. CEF",07/27/2012,Special Security Types,Preferred stock,Global,"769,375,501.00  $",9%,8%,1.42,"58,247",Analyze,2022-01-11 18:12:44,2022-01-11 18:12:44,
95,IIM,Invesco Value Municipal Income Trust CEF,10/27/1994,US Fixed Income,Municipal bonds,Investment grade,"767,021,243.00  $",5%,6%,1.61,"87,324",Analyze,2022-01-11 18:12:44,2022-01-11 18:12:44,
96,FTHY,First Trust High Yield Opportunities 2027 Term Fund CEF,06/26/2020,US Fixed Income,Corporate bonds,High yield,"750,312,875.00  $",8%,7%,1.43,"81,181",Analyze,2022-01-11 18:12:44,2022-01-11 18:12:44,
97,NKX,Nuveen California AMT-Free Quality Municipal Income Fund CEF,09/04/2001,US Fixed Income,Municipal bonds,Investment grade,"744,643,634.00  $",5%,5%,1.58,"88,035",Analyze,2022-01-11 18:12:44,2022-01-11 18:12:44,
98,VGM,Invesco Trust for Investment Grade Municipals CEF,02/19/1992,US Fixed Income,Municipal bonds,Investment grade,"736,921,773.00  $",5%,7%,1.64,"80,593",Analyze,2022-01-11 18:12:44,2022-01-11 18:12:44,
99,VKQ,Invesco Municipal Trust CEF,11/21/1991,US Fixed Income,Municipal bonds,Investment grade,"736,865,410.00  $",5%,7%,1.64,"73,661",Analyze,2022-01-11 18:12:44,2022-01-11 18:12:44,
100,PFN,PIMCO Income Strategy Fund II CEF,10/27/2004,US Fixed Income,Broad market,Investment grade,"736,372,881.00  $",10%,10%,1.38,"332,436",Analyze,2022-01-11 18:12:44,2022-01-11 18:12:44,
101,CCD,Calamos Dynamic Convertible and Income Fund CEF,03/27/2015,US Fixed Income,Broad market,Unconstrained,"734,834,730.00  $",8%,9%,1.53,"52,330",Analyze,2022-01-11 18:12:44,2022-01-11 18:12:44,
102,PCN,PIMCO Corporate & Income Strategy Fund CEF,12/19/2001,US Fixed Income,Broad market,Investment grade,"701,275,100.00  $",9%,10%,1.35,"133,034",Analyze,2022-01-11 18:12:44,2022-01-11 18:12:44,
103,NID,Nuveen Intermediate Duration Municipal Term Fund CEF,12/06/2012,US Fixed Income,Municipal bonds,Unconstrained,"697,546,644.00  $",4%,5%,1.31,"53,060",Analyze,2022-01-11 18:12:44,2022-01-11 18:12:44,
104,IQI,Invesco Quality Municipal Income Trust CEF,10/27/1994,US Fixed Income,Municipal bonds,Investment grade,"697,537,282.00  $",5%,7%,1.59,"77,591",Analyze,2022-01-11 18:12:44,2022-01-11 18:12:44,
105,GIM,Templeton Global Income Fund CEF,03/17/1988,Global Fixed Income,Global,Broad market,"689,500,972.00  $",7%,12%,1.03,"324,143",Analyze,2022-01-11 18:12:44,2022-01-11 18:12:44,
106,MYD,Blackrock MuniYield Fund CEF,12/19/1991,US Fixed Income,Municipal bonds,Investment grade,"685,075,333.00  $",5%,7%,1.56,"73,953",Analyze,2022-01-11 18:12:44,2022-01-11 18:12:44,
107,ETJ,Eaton Vance Risk-Managed Diversified Equity Income Fund CEF,07/27/2007,Alternatives,Options,Broad,"684,279,957.00  $",9%,10%,1.01,"204,728",Analyze,2022-01-11 18:12:44,2022-01-11 18:12:44,
108,BFK,Blackrock Municipal Income Trust CEF,07/27/2001,US Fixed Income,Municipal bonds,Investment grade,"677,401,547.00  $",5%,6%,1.62,"68,492",Analyze,2022-01-11 18:12:44,2022-01-11 18:12:44,
109,BIT,Blackrock Multi-Sector Income Trust CEF,02/26/2013,US Fixed Income,Broad market,Unconstrained,"671,922,968.00  $",8%,9%,1.68,"118,645",Analyze,2022-01-11 18:12:44,2022-01-11 18:12:44,
110,BGY,Blackrock Enhanced International Dividend Trust CEF,05/25/2007,Global Equity,Global ex-US,Large and mid cap,"669,363,123.00  $",7%,11%,1.01,"255,492",Analyze,2022-01-11 18:12:44,2022-01-11 18:12:44,
111,VVR,Invesco Senior Income Trust CEF,06/24/1998,US Fixed Income,Bank loans,Broad market,"667,214,009.00  $",6%,7%,1.58,"774,688",Analyze,2022-01-11 18:12:44,2022-01-11 18:12:44,
112,VCV,Invesco California Value Municipal Income Trust CEF,10/27/1994,US Fixed Income,Municipal bonds,Investment grade,"654,319,129.00  $",4%,6%,1.56,"67,631",Analyze,2022-01-11 18:12:44,2022-01-11 18:12:44,
113,DIAX,Nuveen Dow 30 Dynamic Overwrite Fund CEF,12/03/2014,Alternatives,Options,Covered calls,"648,058,407.00  $",6%,19%,1.01,"84,234",Analyze,2022-01-11 18:12:44,2022-01-11 18:12:44,
114,HIO,Western Asset High Income Opportunity Fund Inc. CEF,10/27/1994,US Fixed Income,Corporate bonds,High yield,"646,145,152.00  $",8%,10%,1.03,"224,382",Analyze,2022-01-11 18:12:44,2022-01-11 18:12:44,
115,AVK,Advent Claymore Convertible Securities and Income Fund CEF,04/30/2003,US Fixed Income,Broad market,Unconstrained,"636,299,841.00  $",16%,9%,1.72,"127,871",Analyze,2022-01-11 18:12:44,2022-01-11 18:12:44,
116,MUC,Blackrock MuniHoldings California Quality Fund CEF,03/02/1998,US Fixed Income,Municipal bonds,Investment grade,"634,718,437.00  $",5%,6%,1.67,"98,105",Analyze,2022-01-11 18:12:44,2022-01-11 18:12:44,
117,GGN,GAMCO Global Gold Natural Resources & Income Trust CEF,03/29/2005,US Equity,Single sector,Materials,"629,857,317.00  $",12%,10%,1.21,"568,905",Analyze,2022-01-11 18:12:44,2022-01-11 18:12:44,
118,NXJ,Nuveen New Jersey Quality Municipal Income Fund CEF,09/05/2001,US Fixed Income,Municipal bonds,Investment grade,"625,562,675.00  $",5%,6%,1.49,"58,803",Analyze,2022-01-11 18:12:44,2022-01-11 18:12:44,
119,MVF,Blackrock MuniVest Fund CEF,02/22/1990,US Fixed Income,Municipal bonds,Investment grade,"619,187,343.00  $",5%,7%,1.55,"126,434",Analyze,2022-01-11 18:12:44,2022-01-11 18:12:44,
120,NBB,Nuveen Taxable Municipal Income Fund  CEF,04/28/2010,US Fixed Income,Municipal bonds,Taxable,"616,325,356.00  $",6%,6%,1.25,"73,107",Analyze,2022-01-11 18:12:44,2022-01-11 18:12:44,
121,GHY,"Prudential Global High Yield Fund, Inc. CEF",12/21/2012,Global Fixed Income,Global,High yield,"614,267,424.00  $",9%,9%,1.45,"141,787",Analyze,2022-01-11 18:12:44,2022-01-11 18:12:44,
122,BGB,Blackstone/GSO Strategic Credit Fund CEF,09/26/2012,US Fixed Income,Broad market,Unconstrained,"608,328,869.00  $",7%,8%,1.25,"217,162",Analyze,2022-01-11 18:12:44,2022-01-11 18:12:44,
123,NRGX,PIMCO Energy and Tactical Credit Opportunities Fund CEF,01/30/2019,Asset Allocation,US,Moderate,"603,990,949.00  $",5%,9%,1.00,"197,096",Analyze,2022-01-11 18:12:44,2022-01-11 18:12:44,
124,JFR,Nuveen Floating Rate Income Fund CEF,03/25/2004,US Fixed Income,Bank loans,Broad market,"587,967,774.00  $",7%,7%,1.67,"258,637",Analyze,2022-01-11 18:12:44,2022-01-11 18:12:44,
125,IFN,"The India Fund, Inc. CEF",02/15/1994,Global Equity,Single country,Large and mid cap,"587,595,918.00  $",15%,9%,1.05,"113,157",Analyze,2022-01-11 18:12:44,2022-01-11 18:12:44,
126,HPS,John Hancock Preferred Income Fund III CEF,06/17/2003,Special Security Types,Preferred stock,U.S.,"587,351,321.00  $",8%,8%,1.51,"41,773",Analyze,2022-01-11 18:12:44,2022-01-11 18:12:44,
127,CHW,Calamos Global Dynamic Income Fund CEF,07/26/2007,Asset Allocation,Global,Moderate,"584,924,001.00  $",9%,10%,1.62,"146,664",Analyze,2022-01-11 18:12:44,2022-01-11 18:12:44,
128,JPI,Nuveen Preferred and Income Term Fund CEF,07/27/2012,Special Security Types,Preferred stock,Global,"583,374,451.00  $",7%,8%,1.50,"43,488",Analyze,2022-01-11 18:12:44,2022-01-11 18:12:44,
129,IGD,Voya Global Equity Dividend and Premium Opportunity Fund CEF,03/29/2005,Alternatives,Options,Covered calls,"583,157,945.00  $",8%,11%,1.01,"375,290",Analyze,2022-01-11 18:12:44,2022-01-11 18:12:44,
130,THW,Tekla World Healthcare Fund CEF,06/26/2015,US Equity,Single sector,Health care,"582,554,063.00  $",9%,10%,1.34,"126,372",Analyze,2022-01-11 18:12:44,2022-01-11 18:12:44,
131,MMD,MainStay DefinedTerm Municipal Opportunities Fund CEF,06/27/2012,US Fixed Income,Municipal bonds,Investment grade,"581,298,604.00  $",6%,6%,1.59,"55,994",Analyze,2022-01-11 18:12:44,2022-01-11 18:12:44,
132,STK,"Columbia Seligman Premium Technology Growth Fund, Inc. CEF",11/27/2009,Alternatives,Options,Covered calls,"581,009,096.00  $",9%,10%,1.00,"39,583",Analyze,2022-01-11 18:12:44,2022-01-11 18:12:44,
133,MUI,Blackrock Muni Intermediate Duration Fund CEF,07/30/2003,US Fixed Income,Municipal bonds,Investment grade,"578,656,579.00  $",5%,6%,1.63,"68,751",Analyze,2022-01-11 18:12:44,2022-01-11 18:12:44,
134,BLW,Blackrock Limited Duration Income Trust CEF,07/29/2003,Global Fixed Income,Global,Broad market,"573,455,712.00  $",7%,8%,1.58,"108,462",Analyze,2022-01-11 18:12:44,2022-01-11 18:12:44,
135,MMU,Western Asset Managed Municipals Fund Inc. CEF,07/17/1992,US Fixed Income,Municipal bonds,Investment grade,"567,685,170.00  $",4%,6%,1.42,"64,320",Analyze,2022-01-11 18:12:44,2022-01-11 18:12:44,
136,MUA,Blackrock MuniAssets Fund CEF,10/27/1994,US Fixed Income,Municipal bonds,High yield,"563,835,654.00  $",5%,6%,1.15,"62,508",Analyze,2022-01-11 18:12:44,2022-01-11 18:12:44,
137,MYN,Blackrock MuniYield New York Quality Fund CEF,03/16/1992,US Fixed Income,Municipal bonds,Investment grade,"563,712,956.00  $",5%,6%,1.63,"43,708",Analyze,2022-01-11 18:12:44,2022-01-11 18:12:44,
138,BRW,Saba Capital Income & Opportunities Fund CEF,06/07/2021,US Fixed Income,Bank loans,Broad market,"561,387,094.00  $",6%,156%,1.00,"271,966",Analyze,2022-01-11 18:12:44,2022-01-11 18:12:44,
139,TDF,"Templeton Dragon Fund, Inc. CEF",02/15/1995,Global Equity,Single country,Multi-cap,"558,444,442.00  $",14%,10%,1.00,"100,777",Analyze,2022-01-11 18:12:44,2022-01-11 18:12:44,
140,AWP,Alpine Global Premier Properties Fund CEF,04/26/2007,Global Equity,Single sector,Real estate,"556,859,841.00  $",7%,10%,1.07,"375,470",Analyze,2022-01-11 18:12:44,2022-01-11 18:12:44,
141,MFL,Blackrock MuniHoldings Investment Quality Fund CEF,09/29/1997,US Fixed Income,Municipal bonds,Investment grade,"554,042,561.00  $",4%,6%,1.68,"37,992",Analyze,2022-01-11 18:12:44,2022-01-11 18:12:44,
142,CRF,"Cornerstone Total Return Fund, Inc. CEF",05/15/1973,US Equity,Broad market,Large and mid cap,"553,871,479.00  $",17%,12%,1.00,"642,593",Analyze,2022-01-11 18:12:44,2022-01-11 18:12:44,
143,NQP,Nuveen Pennsylvania Quality Municipal Income Fund CEF,02/21/1991,US Fixed Income,Municipal bonds,Investment grade,"553,647,295.00  $",5%,6%,1.59,"52,793",Analyze,2022-01-11 18:12:44,2022-01-11 18:12:44,
144,EFR,Eaton Vance Senior Floating-Rate Trust CEF,11/25/2003,US Fixed Income,Bank loans,Broad market,"547,197,448.00  $",6%,7%,1.63,"98,038",Analyze,2022-01-11 18:12:44,2022-01-11 18:12:44,
145,DSU,Blackrock Debt Strategies Fund CEF,03/30/1998,US Fixed Income,Bank loans,Broad market,"545,898,755.00  $",6%,12%,1.48,"175,002",Analyze,2022-01-11 18:12:44,2022-01-11 18:12:44,
146,EVN,Eaton Vance Municipal Income Trust CEF,01/27/1999,US Fixed Income,Municipal bonds,Investment grade,"545,820,163.00  $",4%,6%,1.53,"86,708",Analyze,2022-01-11 18:12:44,2022-01-11 18:12:44,
147,BME,Blackrock Health Sciences Trust CEF,03/29/2005,US Equity,Single sector,Health care,"540,510,870.00  $",6%,8%,1.01,"28,236",Analyze,2022-01-11 18:12:44,2022-01-11 18:12:44,
148,HPI,John Hancock Preferred Income Fund CEF,08/23/2002,Special Security Types,Preferred stock,U.S.,"537,980,186.00  $",7%,8%,1.51,"46,273",Analyze,2022-01-11 18:12:44,2022-01-11 18:12:44,
149,EAD,Wells Fargo Income Opportunities Fund CEF,02/26/2003,US Fixed Income,Corporate bonds,High yield,"537,725,513.00  $",9%,10%,1.45,"201,856",Analyze,2022-01-11 18:12:44,2022-01-11 18:12:44,
150,DPG,Duff & Phelps Global Utility Income Fund Inc. CEF,07/27/2011,US Equity,Single sector,Utilities,"537,086,053.00  $",12%,9%,1.42,"99,523",Analyze,2022-01-11 18:12:44,2022-01-11 18:12:44,
151,ISD,"Prudential Short Duration High Yield Fund, Inc. CEF",04/26/2012,US Fixed Income,Corporate bonds,High yield,"533,105,302.00  $",9%,9%,1.38,"103,395",Analyze,2022-01-11 18:12:44,2022-01-11 18:12:44,
152,MCA,Blackrock MuniYield California Quality Fund CEF,10/27/1994,US Fixed Income,Municipal bonds,Investment grade,"532,944,556.00  $",5%,6%,1.73,"59,051",Analyze,2022-01-11 18:12:44,2022-01-11 18:12:44,
153,CEN,Center Coast MLP & Energy Infrastructure Fund CEF,09/26/2013,Special Security Types,MLPs,Energy,"532,702,550.00  $",6%,18%,1.25,"40,017",Analyze,2022-01-11 18:12:44,2022-01-11 18:12:44,
154,VKI,Invesco Advantage Municipal Income Trust II CEF,08/18/1995,US Fixed Income,Municipal bonds,Investment grade,"531,810,781.00  $",5%,7%,1.65,"72,053",Analyze,2022-01-11 18:12:44,2022-01-11 18:12:44,
155,BUI,"Blackrock Utilities, Infrastructure, & Power Opportunities  CEF",11/23/2011,Global Equity,Global,Large and mid cap,"526,232,644.00  $",6%,7%,1.01,"58,017",Analyze,2022-01-11 18:12:44,2022-01-11 18:12:44,
156,DFP,Flaherty & Crumrine Dynamic Preferred and Income Fund Incorporated CEF,05/24/2013,Special Security Types,Preferred stock,Global,"523,067,601.00  $",8%,8%,1.50,"59,558",Analyze,2022-01-11 18:12:44,2022-01-11 18:12:44,
157,LEO,"Dreyfus Strategic Municipals, Inc. CEF",01/02/2001,US Fixed Income,Municipal bonds,Investment grade,"519,451,513.00  $",5%,12%,1.32,"145,844",Analyze,2022-01-11 18:12:44,2022-01-11 18:12:44,
158,NCV,AllianzGI Convertible & Income Fund CEF,03/27/2003,Special Security Types,Convertible bonds,,"518,744,286.00  $",11%,12%,1.71,"288,059",Analyze,2022-01-11 18:12:44,2022-01-11 18:12:44,
159,FSD,First Trust High Income Long/Short Fund CEF,09/28/2010,Alternatives,Long/short debt,,"515,774,904.00  $",8%,8%,1.31,"90,139",Analyze,2022-01-11 18:12:44,2022-01-11 18:12:44,
160,NPCT,Nuveen Core Plus Impact Fund CEF,04/28/2021,US Fixed Income,Broad market,Unconstrained,"512,701,650.00  $",5%,6%,1.00,"225,701",Analyze,2022-01-11 18:12:44,2022-01-11 18:12:44,
161,ETO,Eaton Vance Tax-Advantaged Global Dividend Opportunities Fund CEF,04/28/2004,Global Equity,Global,Large and mid cap,"500,544,734.00  $",6%,8%,1.34,"29,722",Analyze,2022-01-11 18:12:44,2022-01-11 18:12:44,
162,NXDT,NexPoint Diversified Real Estate Trust CEF,11/08/2021,Asset Allocation,US,Moderate,"499,400,096.00  $",5%,"2,644.51%",1.10,"186,698",Analyze,2022-01-11 18:12:44,2022-01-11 18:12:44,
163,MQY,Blackrock MuniYield Quality Fund CEF,10/27/1994,US Fixed Income,Municipal bonds,Investment grade,"487,145,768.00  $",5%,7%,1.66,"108,124",Analyze,2022-01-11 18:12:44,2022-01-11 18:12:44,
164,FRA,Blackrock Floating Rate Income Strategies Fund CEF,10/29/2003,US Fixed Income,Bank loans,Broad market,"483,023,313.00  $",6%,7%,1.46,"124,777",Analyze,2022-01-11 18:12:44,2022-01-11 18:12:44,
165,RMT,"Royce Micro-Cap Trust, Inc. CEF",12/15/1993,US Equity,Broad market,Micro cap,"481,415,037.00  $",7%,9%,1.04,"156,619",Analyze,2022-01-11 18:12:44,2022-01-11 18:12:44,
166,RFMZ,"RiverNorth Flexible Municipal Income Fund II, Inc. CEF",02/24/2021,US Fixed Income,Municipal bonds,Unconstrained,"475,589,795.00  $",6%,7%,1.00,"82,884",Analyze,2022-01-11 18:12:44,2022-01-11 18:12:44,
167,PMO,Putnam Municipal Opportunities Trust CEF,10/27/1994,US Fixed Income,Municipal bonds,Investment grade,"468,325,989.00  $",5%,7%,1.14,"59,062",Analyze,2022-01-11 18:12:44,2022-01-11 18:12:44,
168,KTF,Deutsche Municipal Income Trust CEF,06/30/1989,US Fixed Income,Municipal bonds,Investment grade,"465,321,038.00  $",4%,7%,1.50,"70,350",Analyze,2022-01-11 18:12:44,2022-01-11 18:12:44,
169,MUJ,Blackrock MuniHoldings New Jersey Quality Fund CEF,03/12/1998,US Fixed Income,Municipal bonds,Investment grade,"464,972,598.00  $",5%,6%,1.62,"43,449",Analyze,2022-01-11 18:12:44,2022-01-11 18:12:44,
170,GBAB,Guggenheim Taxable Municipal Managed Duration Trust CEF,10/27/2010,US Fixed Income,Municipal bonds,Taxable,"458,247,302.00  $",7%,7%,1.60,"59,442",Analyze,2022-01-11 18:12:44,2022-01-11 18:12:44,
171,ETB,Eaton Vance Tax-Managed Buy-Write Income Fund CEF,04/27/2005,Alternatives,Options,Covered calls,"454,614,842.00  $",8%,9%,1.02,"55,481",Analyze,2022-01-11 18:12:44,2022-01-11 18:12:44,
172,BFZ,Blackrock California Municipal Income Trust CEF,07/27/2001,US Fixed Income,Municipal bonds,Investment grade,"453,294,064.00  $",4%,6%,1.62,"52,576",Analyze,2022-01-11 18:12:44,2022-01-11 18:12:44,
173,ECC,Eagle Point Credit CEF,03/24/2014,US Fixed Income,Bank loans,Broad market,"453,292,009.00  $",14%,13%,1.57,"354,810",Analyze,2022-01-11 18:12:44,2022-01-11 18:12:44,
174,RFI,"Cohen & Steers Total Return Realty Fund, Inc. CEF",10/27/1994,US Equity,Single sector,Real estate,"452,035,315.00  $",8%,10%,1.01,"42,623",Analyze,2022-01-11 18:12:44,2022-01-11 18:12:44,
175,HQL,Tekla Life Sciences Investors CEF,05/04/1992,Global Equity,Single industry,Other,"451,597,547.00  $",9%,9%,1.02,"85,738",Analyze,2022-01-11 18:12:44,2022-01-11 18:12:44,
176,PPT,Putnam Premier Income Trust CEF,02/19/1988,Global Fixed Income,Global,Broad market,"451,088,299.00  $",8%,9%,1.76,"352,071",Analyze,2022-01-11 18:12:44,2022-01-11 18:12:44,
177,GUT,The Gabelli Utility Trust CEF,07/12/1999,US Equity,Single sector,Utilities,"448,862,242.00  $",9%,9%,1.48,"94,323",Analyze,2022-01-11 18:12:44,2022-01-11 18:12:44,
178,ZTR,Virtus Global Dividend & Income Fund Inc. CEF,06/30/1989,Asset Allocation,US,Moderate,"447,694,691.00  $",12%,55%,1.40,"142,692",Analyze,2022-01-11 18:12:44,2022-01-11 18:12:44,
179,NAN,Nuveen New York Quality Municipal Income Fund CEF,05/26/1999,US Fixed Income,Municipal bonds,Investment grade,"443,950,667.00  $",5%,6%,1.57,"25,563",Analyze,2022-01-11 18:12:44,2022-01-11 18:12:44,
180,MIY,Blackrock MuniYield Michigan Quality Fund CEF,10/27/1994,US Fixed Income,Municipal bonds,Investment grade,"443,378,252.00  $",5%,7%,1.64,"30,908",Analyze,2022-01-11 18:12:44,2022-01-11 18:12:44,
181,HPF,John Hancock Preferred Income Fund II CEF,11/26/2002,Special Security Types,Preferred stock,U.S.,"441,988,842.00  $",8%,8%,1.52,"44,767",Analyze,2022-01-11 18:12:44,2022-01-11 18:12:44,
182,CAF,"Morgan Stanley China A Share Fund, Inc. CEF",09/28/2006,Global Equity,Single country,Multi-cap,"441,130,334.00  $",7%,13%,1.13,"32,222",Analyze,2022-01-11 18:12:44,2022-01-11 18:12:44,
183,MHN,Blackrock MuniHoldings New York Quality Fund CEF,09/22/1997,US Fixed Income,Municipal bonds,Investment grade,"438,650,204.00  $",5%,6%,1.64,"33,525",Analyze,2022-01-11 18:12:44,2022-01-11 18:12:44,
184,JRI,Nuveen Real Asset Income and Growth Fund CEF,04/26/2012,Asset Allocation,Global,Moderate,"438,435,270.00  $",8%,10%,1.25,"118,304",Analyze,2022-01-11 18:12:44,2022-01-11 18:12:44,
185,EFT,Eaton Vance Floating-Rate Income Trust CEF,06/25/2004,US Fixed Income,Bank loans,Broad market,"429,732,763.00  $",6%,7%,1.62,"90,706",Analyze,2022-01-11 18:12:44,2022-01-11 18:12:44,
186,PEO,"Adams Natural Resources Fund, Inc. CEF",12/30/1987,US Equity,Thematic,Infrastructure,"427,633,396.00  $",5%,6%,1.01,"73,877",Analyze,2022-01-11 18:12:44,2022-01-11 18:12:44,
187,AFB,"AllianceBernstein National Municipal Income Fund, Inc. CEF",01/29/2002,US Fixed Income,Municipal bonds,Unconstrained,"422,263,110.00  $",4%,6%,1.59,"54,949",Analyze,2022-01-11 18:12:44,2022-01-11 18:12:44,
188,FFA,First Trust Enhanced Equity Income Fund CEF,08/27/2004,Alternatives,Options,Covered calls,"422,037,539.00  $",6%,8%,1.00,"30,011",Analyze,2022-01-11 18:12:44,2022-01-11 18:12:44,
189,BYM,Blackrock Municipal Income Quality Trust CEF,10/29/2002,US Fixed Income,Municipal bonds,Investment grade,"414,314,423.00  $",5%,6%,1.59,"45,471",Analyze,2022-01-11 18:12:44,2022-01-11 18:12:44,
190,JRO,Nuveen Floating Rate Income Opportunity Fund CEF,07/28/2004,US Fixed Income,Bank loans,Broad market,"413,925,836.00  $",7%,8%,1.66,"189,463",Analyze,2022-01-11 18:12:44,2022-01-11 18:12:44,
191,MIN,MFS Intermediate Income Trust CEF,03/11/1988,US Fixed Income,Broad market,Investment grade,"412,823,129.00  $",10%,9%,1.00,"374,394",Analyze,2022-01-11 18:12:44,2022-01-11 18:12:44,
192,PMM,Putnam Managed Municipal Income Trust CEF,06/30/1989,US Fixed Income,Municipal bonds,High yield,"409,125,600.00  $",5%,7%,1.07,"80,319",Analyze,2022-01-11 18:12:44,2022-01-11 18:12:44,
193,DSM,"Dreyfus Strategic Municipal Bond Fund, Inc. CEF",01/11/1990,US Fixed Income,Municipal bonds,Investment grade,"408,221,681.00  $",5%,7%,1.57,"78,698",Analyze,2022-01-11 18:12:44,2022-01-11 18:12:44,
194,HIX,Western Asset High Income Fund II Inc. CEF,05/22/1998,Global Fixed Income,Global,Corporate bonds,"406,236,855.00  $",10%,11%,1.43,"238,596",Analyze,2022-01-11 18:12:44,2022-01-11 18:12:44,
195,CEM,ClearBridge MLP and Midstream Fund CEF,01/02/2001,Special Security Types,MLPs,Energy,"405,696,840.00  $",7%,7%,1.59,"83,849",Analyze,2022-01-11 18:12:44,2022-01-11 18:12:44,
196,PMX,PIMCO Municipal Income Fund III CEF,10/29/2002,US Fixed Income,Municipal bonds,Investment grade,"405,252,803.00  $",5%,6%,1.85,"41,597",Analyze,2022-01-11 18:12:44,2022-01-11 18:12:44,
197,AEF,"Aberdeen Emerging Markets Equity Income Fund, Inc. CEF",01/02/2001,Global Equity,Emerging markets,Large and mid cap,"402,461,600.00  $",7%,15%,1.11,"49,713",Analyze,2022-01-11 18:12:44,2022-01-11 18:12:44,
198,FMO,Fiduciary/Claymore Energy Infrastructure Fund CEF,12/23/2004,Special Security Types,MLPs,Energy,"396,582,194.00  $",9%,17%,1.75,"42,307",Analyze,2022-01-11 18:12:44,2022-01-11 18:12:44,
199,FOF,"Cohen & Steers Closed-End Opportunity Fund, Inc. CEF",11/21/2006,Special Security Types,Closed end funds,,"395,268,289.00  $",9%,9%,1.02,"58,572",Analyze,2022-01-11 18:12:44,2022-01-11 18:12:44,
200,RMM,RiverNorth Managed Duration Municipal Income CEF,07/26/2019,US Fixed Income,Municipal bonds,Unconstrained,"394,790,340.00  $",7%,11%,1.57,"36,079",Analyze,2022-01-11 18:12:44,2022-01-11 18:12:44,
201,ASA,ASA Gold&Precious Metals CEF,01/03/1978,Global Equity,Single industry,Natural resources,"393,514,062.00  $",0%,2%,1.00,"81,929",Analyze,2022-01-11 18:12:44,2022-01-11 18:12:44,
202,CPZ,Calamos Long/Short Equity & Dynamic Income Trust CEF,11/27/2019,Alternatives,Long/short equity,Global stocks,"390,876,983.00  $",8%,8%,1.73,"85,098",Analyze,2022-01-11 18:12:44,2022-01-11 18:12:44,
203,NEV,Nuveen Enhanced Municipal Value Fund CEF,09/25/2009,US Fixed Income,Municipal bonds,Investment grade,"387,973,557.00  $",5%,6%,1.33,"59,697",Analyze,2022-01-11 18:12:44,2022-01-11 18:12:44,
204,MMT,MFS Multimarket Income Trust CEF,03/05/1987,Global Fixed Income,Global,Broad market,"384,292,978.00  $",9%,9%,1.31,"92,625",Analyze,2022-01-11 18:12:44,2022-01-11 18:12:44,
205,NCZ,AllianzGI Convertible & Income Fund II CEF,07/29/2003,Special Security Types,Convertible bonds,,"382,101,060.00  $",11%,12%,1.73,"325,600",Analyze,2022-01-11 18:12:44,2022-01-11 18:12:44,
206,OIA,Invesco Municipal Income Opportunities Trust CEF,10/05/1988,US Fixed Income,Municipal bonds,Investment grade,"376,628,995.00  $",5%,6%,1.29,"53,319",Analyze,2022-01-11 18:12:44,2022-01-11 18:12:44,
207,PMF,PIMCO Municipal Income Fund CEF,06/27/2001,US Fixed Income,Municipal bonds,Investment grade,"375,003,883.00  $",5%,6%,1.85,"50,405",Analyze,2022-01-11 18:12:44,2022-01-11 18:12:44,
208,PFL,PIMCO Income Strategy Fund CEF,08/27/2003,US Fixed Income,Broad market,Unconstrained,"374,506,053.00  $",10%,10%,1.42,"146,329",Analyze,2022-01-11 18:12:44,2022-01-11 18:12:44,
209,ARDC,"Ares Dynamic Credit Allocation Fund, Inc. CEF",11/28/2012,US Fixed Income,Broad market,Unconstrained,"373,224,777.00  $",7%,8%,1.47,"105,169",Analyze,2022-01-11 18:12:44,2022-01-11 18:12:44,
210,MCR,MFS Charter Income Trust CEF,01/11/1990,Global Fixed Income,Global,Broad market,"372,530,087.00  $",9%,9%,1.29,"66,649",Analyze,2022-01-11 18:12:44,2022-01-11 18:12:44,
211,JGH,Nuveen Global High Income Fund CEF,11/24/2014,Global Fixed Income,Global,High yield,"367,129,889.00  $",9%,9%,1.42,"64,087",Analyze,2022-01-11 18:12:44,2022-01-11 18:12:44,
212,ASG,"Liberty All-Star Growth Fund, Inc. CEF",03/14/1986,US Equity,Broad Market,Multi-cap,"364,598,531.00  $",12%,8%,1.04,"204,871",Analyze,2022-01-11 18:12:44,2022-01-11 18:12:44,
213,SSSS,SuRo Capital Corp. CEF,07/01/2019,US Equity,Single industry,Information technology,"363,216,422.00  $",63%,45%,1.01,"462,468",Analyze,2022-01-11 18:12:44,2022-01-11 18:12:44,
214,SOR,"Source Capital, Inc. CEF",06/01/1968,Asset Allocation,US,Moderate,"363,112,546.00  $",11%,11%,1.01,"28,163",Analyze,2022-01-11 18:12:44,2022-01-11 18:12:44,
215,ERC,Wells Fargo Multi-Sector Income Fund CEF,06/25/2003,Global Fixed Income,Global,Broad market,"361,264,046.00  $",9%,9%,1.43,"73,546",Analyze,2022-01-11 18:12:44,2022-01-11 18:12:44,
216,JRS,Nuveen Real Estate Income Fund CEF,11/19/2001,Asset Allocation,US,Moderate,"361,155,888.00  $",6%,9%,1.41,"107,377",Analyze,2022-01-11 18:12:44,2022-01-11 18:12:44,
217,EDD,"Morgan Stanley Emerging Markets Domestic Debt Fund, Inc. CEF",04/24/2007,Global Fixed Income,Emerging markets,Broad market,"360,863,003.00  $",7%,9%,1.33,"280,642",Analyze,2022-01-11 18:12:44,2022-01-11 18:12:44,
218,BKT,Blackrock Income Trust CEF,07/25/1988,US Fixed Income,Mortgage backed,Investment grade,"356,625,856.00  $",7%,8%,1.53,"318,706",Analyze,2022-01-11 18:12:44,2022-01-11 18:12:44,
219,FEI,First Trust MLP and Energy Income Fund CEF,11/28/2012,US Equity,Single sector,Energy,"354,595,977.00  $",8%,8%,1.41,"287,629",Analyze,2022-01-11 18:12:44,2022-01-11 18:12:44,
220,PCQ,PIMCO California Municipal Income Fund CEF,06/27/2001,US Fixed Income,Municipal bonds,Investment grade,"354,493,831.00  $",4%,6%,1.94,"18,130",Analyze,2022-01-11 18:12:44,2022-01-11 18:12:44,
221,BLE,Blackrock Municipal Income Trust II CEF,07/26/2002,US Fixed Income,Municipal bonds,Investment grade,"352,585,371.00  $",5%,6%,1.64,"107,764",Analyze,2022-01-11 18:12:44,2022-01-11 18:12:44,
222,KMF,"Kayne Anderson Midstream/Energy Fund, Inc. CEF",11/24/2010,Special Security Types,MLPs,Energy,"352,565,041.00  $",7%,8%,1.48,"144,806",Analyze,2022-01-11 18:12:44,2022-01-11 18:12:44,
223,TYG,Tortoise Energy Infrastructure Corporation CEF,02/25/2004,Special Security Types,MLPs,Energy,"351,696,400.00  $",5%,7%,1.81,"78,240",Analyze,2022-01-11 18:12:44,2022-01-11 18:12:44,
224,TEI,Templeton Emerging Markets Income Fund CEF,10/27/1994,Global Fixed Income,Emerging markets,Broad market,"347,988,531.00  $",10%,11%,1.00,"224,345",Analyze,2022-01-11 18:12:44,2022-01-11 18:12:44,
225,HYI,Western Asset High Yield Defined Opportunity Fund Inc. CEF,01/02/2001,US Fixed Income,Corporate bonds,High yield,"344,754,978.00  $",9%,4%,1.02,"66,308",Analyze,2022-01-11 18:12:44,2022-01-11 18:12:44,
226,BGH,Barings Global Short Duration High Yield Fund CEF,08/04/2006,Global Fixed Income,Global,High yield,"343,992,110.00  $",9%,6%,1.25,"85,926",Analyze,2022-01-11 18:12:44,2022-01-11 18:12:44,
227,GLO,Clough Global Opportunities Fund CEF,04/26/2006,Asset Allocation,Global,Moderate,"343,834,476.00  $",12%,10%,1.76,"385,145",Analyze,2022-01-11 18:12:44,2022-01-11 18:12:44,
228,KIO,KKR Income Opportunities Fund CEF,07/26/2013,US Fixed Income,Bank loans,Broad market,"341,107,066.00  $",8%,10%,1.47,"87,566",Analyze,2022-01-11 18:12:44,2022-01-11 18:12:44,
229,MVT,Blackrock MuniVest Fund II CEF,10/27/1994,US Fixed Income,Municipal bonds,Investment grade,"336,625,051.00  $",5%,7%,1.58,"36,579",Analyze,2022-01-11 18:12:44,2022-01-11 18:12:44,
230,ACV,Allianzgi Diversified Income & Convertible Fund CEF,05/22/2015,Asset Allocation,US,Moderate,"336,502,400.00  $",24%,13%,1.35,"66,585",Analyze,2022-01-11 18:12:44,2022-01-11 18:12:44,
231,EOT,Eaton Vance National Municipal Opportunities Trust CEF,05/27/2009,US Fixed Income,Municipal bonds,Investment grade,"334,687,637.00  $",4%,5%,1.07,"20,070",Analyze,2022-01-11 18:12:44,2022-01-11 18:12:44,
232,NCA,Nuveen California Municipal Value Fund CEF,10/07/1987,US Fixed Income,Municipal bonds,Investment grade,"334,061,698.00  $",3%,5%,1.01,"65,744",Analyze,2022-01-11 18:12:44,2022-01-11 18:12:44,
233,TBLD,Thornburg Income Builder Opportunities Trust,07/28/2021,Asset Allocation,US,Moderate,"331,975,000.00  $",3%,7%,1.00,"215,409",Analyze,2022-01-11 18:12:44,2022-01-11 18:12:44,
234,MQT,Blackrock MuniYield Quality Fund II CEF,10/27/1994,US Fixed Income,Municipal bonds,Investment grade,"324,835,330.00  $",5%,7%,1.66,"23,201",Analyze,2022-01-11 18:12:44,2022-01-11 18:12:44,
235,VPV,Invesco Pennsylvania Value Municipal Income Trust CEF,10/27/1994,US Fixed Income,Municipal bonds,Investment grade,"324,320,094.00  $",4%,6%,1.58,"33,207",Analyze,2022-01-11 18:12:44,2022-01-11 18:12:44,
236,EMO,ClearBridge Energy Midstream Opportunity Fund Inc. CEF,12/20/2002,US Equity,Single sector,Energy,"323,019,556.00  $",6%,7%,1.52,"66,441",Analyze,2022-01-11 18:12:44,2022-01-11 18:12:44,
237,PSF,"Cohen & Steers Select Preferred and Income Fund, Inc. CEF",11/26/2010,Special Security Types,Preferred stock,U.S.,"320,482,402.00  $",11%,9%,1.42,"45,131",Analyze,2022-01-11 18:12:44,2022-01-11 18:12:44,
238,FCT,First Trust Senior Floating Rate Income Fund II CEF,05/26/2004,US Fixed Income,Bank loans,Broad market,"320,047,726.00  $",9%,7%,1.43,"138,681",Analyze,2022-01-11 18:12:44,2022-01-11 18:12:44,
239,MYC,Blackrock MuniYield California Fund CEF,03/16/1992,US Fixed Income,Municipal bonds,Investment grade,"319,793,045.00  $",5%,6%,1.72,"31,586",Analyze,2022-01-11 18:12:44,2022-01-11 18:12:44,
240,MCI,Barings Corporate Investors CEF,06/15/1971,US Fixed Income,Corporate bonds,High yield,"318,108,973.00  $",6%,3%,1.10,"16,521",Analyze,2022-01-11 18:12:44,2022-01-11 18:12:44,
241,SPXX,Nuveen S&P 500 Dynamic Overwrite Fund CEF,11/23/2005,Alternatives,Options,Covered calls,"317,016,018.00  $",5%,8%,1.02,"54,566",Analyze,2022-01-11 18:12:44,2022-01-11 18:12:44,
242,BGR,Blackrock Energy and Resources Trust CEF,12/23/2004,Global Equity,Single industry,Natural resources,"310,481,644.00  $",5%,9%,1.02,"155,488",Analyze,2022-01-11 18:12:44,2022-01-11 18:12:44,
243,NML,Neuberger Berman MLP Income Fund Inc. CEF,03/26/2013,Special Security Types,MLPs,Energy,"309,924,336.00  $",4%,7%,1.36,"192,838",Analyze,2022-01-11 18:12:44,2022-01-11 18:12:44,
244,BGT,Blackrock Floating Rate Income Trust CEF,08/26/2004,US Fixed Income,Bank loans,Broad market,"308,026,176.00  $",6%,7%,1.50,"100,655",Analyze,2022-01-11 18:12:44,2022-01-11 18:12:44,
245,IIF,"Morgan Stanley India Investment Fund, Inc. CEF",02/15/1995,Global Equity,Single country,Large and mid cap,"307,673,054.00  $",4%,9%,1.01,"22,295",Analyze,2022-01-11 18:12:44,2022-01-11 18:12:44,
246,MUE,Blackrock MuniHoldings Quality Fund II CEF,03/09/1999,US Fixed Income,Municipal bonds,Investment grade,"307,633,568.00  $",5%,6%,1.62,"34,871",Analyze,2022-01-11 18:12:44,2022-01-11 18:12:44,
247,FEN,First Trust Energy Income and Growth Fund CEF,06/25/2004,US Equity,Single sector,Energy,"303,934,259.00  $",8%,8%,1.48,"174,615",Analyze,2022-01-11 18:12:44,2022-01-11 18:12:44,
248,WIA,Western Asset/Claymore Inflation-Linked Securities & Income Fund CEF,09/29/2003,US Fixed Income,U.S. treasury bonds,Inflation-Protected,"302,956,105.00  $",11%,5%,1.51,"47,599",Analyze,2022-01-11 18:12:44,2022-01-11 18:12:44,
249,PCK,PIMCO California Municipal Income Fund II CEF,06/26/2002,US Fixed Income,Municipal bonds,Investment grade,"302,718,916.00  $",4%,6%,1.88,"45,714",Analyze,2022-01-11 18:12:44,2022-01-11 18:12:44,
250,BKN,Blackrock Investment Quality Municipal Trust CEF,02/23/1993,US Fixed Income,Municipal bonds,Investment grade,"302,127,401.00  $",5%,6%,1.63,"46,650",Analyze,2022-01-11 18:12:44,2022-01-11 18:12:44,
251,MGU,Macquarie Global Infrastructure Total Return Fund Inc. CEF,08/26/2005,Global Equity,Single industry,Infrastructure,"302,106,739.00  $",5%,7%,1.43,"24,783",Analyze,2022-01-11 18:12:44,2022-01-11 18:12:44,
252,RCS,"PIMCO Strategic Income Fund, Inc. CEF",02/24/1994,Global Fixed Income,Global,Broad market,"299,841,769.00  $",10%,10%,1.25,"190,203",Analyze,2022-01-11 18:12:44,2022-01-11 18:12:44,
253,NUW,Nuveen AMT-Free Municipal Value Fund CEF,02/25/2009,US Fixed Income,Municipal bonds,Investment grade,"294,581,424.00  $",4%,5%,1.07,"28,373",Analyze,2022-01-11 18:12:44,2022-01-11 18:12:44,
254,NUO,Nuveen Ohio Quality Municipal Income Fund CEF,10/17/1991,US Fixed Income,Municipal bonds,Investment grade,"293,987,128.00  $",4%,6%,1.54,"16,650",Analyze,2022-01-11 18:12:44,2022-01-11 18:12:44,
255,EVM,Eaton Vance California Municipal Bond Fund CEF,08/28/2002,US Fixed Income,Municipal bonds,Investment grade,"288,684,615.00  $",5%,6%,1.70,"63,083",Analyze,2022-01-11 18:12:44,2022-01-11 18:12:44,
256,NPV,Nuveen Virginia Quality Municipal Income Fund CEF,10/27/1994,US Fixed Income,Municipal bonds,Investment grade,"287,115,256.00  $",4%,5%,1.56,"11,354",Analyze,2022-01-11 18:12:44,2022-01-11 18:12:44,
257,DBL,DoubleLine Opportunistic Credit Fund CEF,01/27/2012,US Fixed Income,Broad market,Unconstrained,"286,069,400.00  $",8%,9%,1.31,"66,480",Analyze,2022-01-11 18:12:44,2022-01-11 18:12:44,
258,NBH,Neuberger Berman Intermediate Municipal Fund Inc. CEF,09/25/2002,US Fixed Income,Municipal bonds,Investment grade,"284,510,663.00  $",5%,5%,1.60,"35,203",Analyze,2022-01-11 18:12:44,2022-01-11 18:12:44,
259,MFM,MFS Municipal Income Trust CEF,11/05/1987,US Fixed Income,Municipal bonds,Unconstrained,"281,723,396.00  $",5%,7%,1.01,"93,068",Analyze,2022-01-11 18:12:44,2022-01-11 18:12:44,
260,MAV,Pioneer Municipal High Income Advantage Trust CEF,10/16/2003,US Fixed Income,Municipal bonds,Unconstrained,"277,885,312.00  $",5%,7%,1.63,"84,604",Analyze,2022-01-11 18:12:44,2022-01-11 18:12:44,
261,FTF,Franklin Limited Duration Income Trust CEF,08/27/2003,US Fixed Income,Broad market,Unconstrained,"275,541,386.00  $",10%,8%,1.38,"171,048",Analyze,2022-01-11 18:12:44,2022-01-11 18:12:44,
262,PHT,Pioneer High Income Trust CEF,04/26/2002,US Fixed Income,Corporate bonds,High yield,"275,454,093.00  $",9%,14%,1.49,"122,082",Analyze,2022-01-11 18:12:44,2022-01-11 18:12:44,
263,JCE,Nuveen Core Equity Alpha Fund CEF,03/28/2007,US Equity,Broad market,Large cap,"275,222,755.00  $",11%,11%,1.05,"41,203",Analyze,2022-01-11 18:12:44,2022-01-11 18:12:44,
264,MHI,Pioneer Municipal High Income Trust CEF,07/18/2003,US Fixed Income,Municipal bonds,Unconstrained,"274,849,600.00  $",5%,7%,1.49,"65,517",Analyze,2022-01-11 18:12:44,2022-01-11 18:12:44,
265,TWN,Taiwan Fund CEF,12/23/1986,Global Equity,Single country,Multi-cap,"273,509,873.00  $",8%,8%,1.05,"11,058",Analyze,2022-01-11 18:12:44,2022-01-11 18:12:44,
266,SCD,LMP Capital and Income Fund Inc. CEF,02/25/2004,Asset Allocation,US,Moderate,"268,704,085.00  $",11%,10%,1.29,"38,857",Analyze,2022-01-11 18:12:44,2022-01-11 18:12:44,
267,TSI,"TCW Strategic Income Fund, Inc. CEF",01/05/1988,US Fixed Income,Broad market,Unconstrained,"266,436,290.00  $",7%,12%,1.03,"73,189",Analyze,2022-01-11 18:12:44,2022-01-11 18:12:44,
268,XFLT,XAI Octagon Floating Rate & Alternative Income Term Trust CEF,09/27/2017,US Fixed Income,Bank loans,Broad market,"265,414,826.00  $",10%,10%,1.80,"194,314",Analyze,2022-01-11 18:12:44,2022-01-11 18:12:44,
269,DMB,"Dreyfus Municipal Bond Infrastructure Fund, Inc. CEF",04/26/2013,US Fixed Income,Municipal bonds,Unconstrained,"264,299,463.00  $",5%,5%,1.14,"40,716",Analyze,2022-01-11 18:12:44,2022-01-11 18:12:44,
270,EVF,Eaton Vance Senior Income Trust CEF,10/28/1998,US Fixed Income,Bank loans,Broad market,"260,143,590.00  $",6%,7%,1.37,"45,265",Analyze,2022-01-11 18:12:44,2022-01-11 18:12:44,
271,LGI,"Lazard Global Total Return and Income Fund, Inc. CEF",04/28/2004,Asset Allocation,Global,Moderate,"259,672,834.00  $",10%,8%,1.13,"41,366",Analyze,2022-01-11 18:12:44,2022-01-11 18:12:44,
272,VTN,Invesco Trust For Investment Grade New York Municipals CEF,05/13/1992,US Fixed Income,Municipal bonds,Investment grade,"259,056,063.00  $",4%,6%,1.63,"23,821",Analyze,2022-01-11 18:12:44,2022-01-11 18:12:44,
273,NXP,Nuveen Select Tax-Free Income Portfolio CEF,03/19/1992,US Fixed Income,Municipal bonds,Investment grade,"258,945,017.00  $",3%,5%,1.00,"127,360",Analyze,2022-01-11 18:12:44,2022-01-11 18:12:44,
274,EMF,Templeton Emerging Markets Fund CEF,01/11/1990,Global Equity,Emerging markets,Large and mid cap,"257,251,706.00  $",7%,9%,1.04,"55,986",Analyze,2022-01-11 18:12:44,2022-01-11 18:12:44,
275,DHY,Credit Suisse High Yield Bond Fund CEF,07/29/1998,US Fixed Income,Corporate bonds,High yield,"256,714,063.00  $",8%,13%,1.48,"277,216",Analyze,2022-01-11 18:12:44,2022-01-11 18:12:44,
276,AFT,Apollo Senior Floating Rate Fund Inc. CEF,02/24/2011,US Fixed Income,Bank loans,Broad market,"255,865,392.00  $",6%,7%,1.67,"69,811",Analyze,2022-01-11 18:12:44,2022-01-11 18:12:44,
277,FUND,Sprott Focus Trust Inc CEF,02/25/1992,US Equity,Broad Market,Multi-cap,"255,117,721.00  $",9%,9%,1.01,"44,932",Analyze,2022-01-11 18:12:44,2022-01-11 18:12:44,
278,GDO,Western Asset Global Corporate Defined Opportunity Fund Inc. CEF,11/24/2009,Global Fixed Income,Global,Broad market,"253,505,089.00  $",8%,8%,1.38,"34,648",Analyze,2022-01-11 18:12:44,2022-01-11 18:12:44,
279,FINS,Angel Oak Financial Strategies Income Term Trust CEF,05/29/2019,US Fixed Income,Broad market,Investment grade,"250,973,887.00  $",9%,7%,1.45,"129,854",Analyze,2022-01-11 18:12:44,2022-01-11 18:12:44,
280,EOD,Wells Fargo Global Dividend Opportunity Fund CEF,03/28/2007,Asset Allocation,Global,Moderate,"250,379,801.00  $",9%,12%,1.27,"177,790",Analyze,2022-01-11 18:12:44,2022-01-11 18:12:44,
281,TTP,"Tortoise Pipeline & Energy Fund, Inc. CEF",10/27/2011,US Equity,Single sector,Energy,"247,856,140.00  $",4%,2%,1.48,"8,395",Analyze,2022-01-11 18:12:44,2022-01-11 18:12:44,
282,PZC,PIMCO California Municipal Income Fund III CEF,10/29/2002,US Fixed Income,Municipal bonds,Investment grade,"245,663,621.00  $",5%,6%,1.92,"27,014",Analyze,2022-01-11 18:12:44,2022-01-11 18:12:44,
283,NRO,Neuberger Berman Real Estate Securities Income Fund Inc. CEF,10/29/2003,US Equity,Single sector,Real estate,"245,276,763.00  $",8%,11%,1.42,"120,118",Analyze,2022-01-11 18:12:44,2022-01-11 18:12:44,
284,BWG,Legg Mason BW Global Income Opportunities Fund CEF,03/28/2012,Global Fixed Income,Global,Broad market,"243,481,622.00  $",10%,9%,1.52,"76,502",Analyze,2022-01-11 18:12:44,2022-01-11 18:12:44,
285,FIF,First Trust Energy Infrastructure Fund CEF,01/02/2001,US Equity,Single sector,Energy,"238,062,776.00  $",5%,4%,1.37,"59,297",Analyze,2022-01-11 18:12:44,2022-01-11 18:12:44,
286,MXF,"The Mexico Fund, Inc. CEF",12/30/1987,Global Equity,Single country,Multi-cap,"236,632,382.00  $",3%,8%,1.00,"14,941",Analyze,2022-01-11 18:12:44,2022-01-11 18:12:44,
287,OPP,RiverNorth/DoubleLne Strategic Opportunity Fund CEF,09/28/2016,Asset Allocation,US,Moderate,"236,408,533.00  $",16%,12%,1.37,"156,514",Analyze,2022-01-11 18:12:44,2022-01-11 18:12:44,
288,MHD,Blackrock MuniHoldings Fund CEF,05/27/1997,US Fixed Income,Municipal bonds,Investment grade,"233,892,024.00  $",5%,7%,1.55,"86,876",Analyze,2022-01-11 18:12:44,2022-01-11 18:12:44,
289,GF,"The New Germany Fund, Inc. CEF",01/25/1990,Global Equity,Single country,Large and mid cap,"233,661,742.00  $",33%,9%,1.05,"37,197",Analyze,2022-01-11 18:12:44,2022-01-11 18:12:44,
290,ETX,Eaton Vance Municipal Income 2028 Term Trust CEF,03/26/2013,US Fixed Income,Municipal bonds,Unconstrained,"231,181,153.00  $",4%,4%,1.53,"21,994",Analyze,2022-01-11 18:12:44,2022-01-11 18:12:44,
291,NSL,Nuveen Senior Income Fund CEF,10/27/1999,US Fixed Income,Bank loans,Broad market,"230,124,373.00  $",7%,8%,1.68,"164,724",Analyze,2022-01-11 18:12:44,2022-01-11 18:12:44,
292,GRX,Gabelli Healthcare & Wellness CEF,06/19/2007,US Equity,Single sector,Health care,"229,992,368.00  $",7%,5%,1.16,"61,939",Analyze,2022-01-11 18:12:44,2022-01-11 18:12:44,
293,IVH,Ivy High Income Opportunities Fund CEF,05/29/2013,US Fixed Income,Corporate bonds,High yield,"229,829,146.00  $",7%,10%,1.46,"75,409",Analyze,2022-01-11 18:12:44,2022-01-11 18:12:44,
294,FDEU,First Trust Dynamic Europe Equity Income Fund CEF,09/25/2015,Global Equity,Europe,Multi-cap,"229,184,376.00  $",5%,9%,1.25,"59,141",Analyze,2022-01-11 18:12:44,2022-01-11 18:12:44,
295,IGI,Western Asset Investment Grade Defined Opportunity Trust Inc. CEF,06/26/2009,US Fixed Income,Corporate bonds,Investment grade,"227,738,273.00  $",4%,5%,1.01,"23,391",Analyze,2022-01-11 18:12:44,2022-01-11 18:12:44,
296,FLC,Flaherty & Crumrine Total Return Fund Incorporated CEF,08/27/2003,Special Security Types,Preferred stock,U.S.,"227,171,171.00  $",7%,8%,1.50,"19,191",Analyze,2022-01-11 18:12:44,2022-01-11 18:12:44,
297,IDE,"Voya Infrastructure, Industrials and Materials Fund CEF",01/26/2010,Alternatives,Options,Covered calls,"226,948,325.00  $",8%,10%,1.01,"50,515",Analyze,2022-01-11 18:12:44,2022-01-11 18:12:44,
298,JCO,Nuveen Credit Opportunities 2022 Target Term Fund CEF,03/29/2017,US Fixed Income,Corporate bonds,Investment grade,"225,889,005.00  $",6%,6%,1.32,"157,727",Analyze,2022-01-11 18:12:44,2022-01-11 18:12:44,
299,DHF,Dreyfus High Yield Strategies Fund CEF,04/27/1998,US Fixed Income,Corporate bonds,High yield,"225,393,833.00  $",8%,11%,1.47,"471,607",Analyze,2022-01-11 18:12:44,2022-01-11 18:12:44,
300,AIF,Apollo Tactical Income Fund Inc. CEF,02/26/2013,US Fixed Income,Broad market,Unconstrained,"223,179,921.00  $",6%,9%,1.74,"72,786",Analyze,2022-01-11 18:12:44,2022-01-11 18:12:44,
301,JOF,"Japan Smaller Capitalization Fund, Inc. CEF",03/14/1990,Global Equity,Single country,Small cap,"222,987,738.00  $",8%,4%,1.00,"69,612",Analyze,2022-01-11 18:12:44,2022-01-11 18:12:44,
302,EHI,Western Asset Global High Income Fund Inc. CEF,07/29/2003,Global Fixed Income,Global,Broad market,"222,887,457.00  $",10%,9%,1.47,"55,253",Analyze,2022-01-11 18:12:44,2022-01-11 18:12:44,
303,IHIT,Invesco High Income 2023 Target Term Fund CEF,11/23/2016,US Fixed Income,Mortgage backed,Investment grade,"222,765,738.00  $",7%,6%,1.33,"76,915",Analyze,2022-01-11 18:12:44,2022-01-11 18:12:44,
304,MYJ,Blackrock MuniYield New Jersey Fund CEF,05/18/1992,US Fixed Income,Municipal bonds,Investment grade,"222,468,861.00  $",5%,6%,1.63,"27,918",Analyze,2022-01-11 18:12:44,2022-01-11 18:12:44,
305,BSL,Blackstone/GSO Senior Floating Rate Term Fund CEF,04/25/2008,US Fixed Income,Bank loans,Broad market,"221,752,551.00  $",6%,6%,1.64,"44,374",Analyze,2022-01-11 18:12:44,2022-01-11 18:12:44,
306,EFL,Eaton Vance Floating-Rate 2022 Target Term Trust CEF,07/27/2017,US Fixed Income,Bank loans,Broad market,"219,680,992.00  $",4%,5%,1.53,"67,383",Analyze,2022-01-11 18:12:44,2022-01-11 18:12:44,
307,ENX,Eaton Vance New York Municipal Bond Fund CEF,08/28/2002,US Fixed Income,Municipal bonds,Investment grade,"219,412,540.00  $",4%,5%,1.53,"31,774",Analyze,2022-01-11 18:12:44,2022-01-11 18:12:44,
308,VBF,Invesco Bond Fund CEF,10/27/1994,US Fixed Income,Corporate bonds,Investment grade,"217,256,939.00  $",4%,9%,1.01,"26,131",Analyze,2022-01-11 18:12:44,2022-01-11 18:12:44,
309,MPA,Blackrock MuniYield Pennsylvania Quality Fund CEF,10/27/1994,US Fixed Income,Municipal bonds,Investment grade,"215,640,695.00  $",4%,7%,1.64,"13,569",Analyze,2022-01-11 18:12:44,2022-01-11 18:12:44,
310,RIV,Rivernorth Opportunities Fund CEF,12/24/2015,Asset Allocation,US,Moderate,"215,551,893.00  $",18%,15%,1.19,"162,825",Analyze,2022-01-11 18:12:44,2022-01-11 18:12:44,
311,GGT,The Gabelli Multimedia Trust Inc. CEF,12/19/1994,US Equity,Single sector,Communication Services,"214,745,182.00  $",10%,9%,1.02,"76,370",Analyze,2022-01-11 18:12:44,2022-01-11 18:12:44,
312,INSI,Insight Select Income Fund CEF,09/07/1984,US Fixed Income,Broad market,Investment grade,"212,915,476.00  $",6%,9%,1.01,"29,799",Analyze,2022-01-11 18:12:44,2022-01-11 18:12:44,
313,HYB,"New America High Income Fund, Inc. CEF",02/19/1988,US Fixed Income,Corporate bonds,High yield,"211,722,397.00  $",8%,43%,1.40,"89,620",Analyze,2022-01-11 18:12:44,2022-01-11 18:12:44,
314,HGLB,Highland Global Allocation CEF,01/05/1998,Asset Allocation,Global,Aggressive,"210,837,423.00  $",12%,2%,1.00,"131,768",Analyze,2022-01-11 18:12:44,2022-01-11 18:12:44,
315,FT,Franklin Universal Trust CEF,06/30/1989,Asset Allocation,US,Moderate,"206,081,531.00  $",6%,9%,1.30,"78,721",Analyze,2022-01-11 18:12:44,2022-01-11 18:12:44,
316,TEAF,Tortoise Essential Assets Income Term Fund CEF,03/27/2019,Asset Allocation,Global,Moderate,"204,390,574.00  $",8%,8%,1.00,"56,003",Analyze,2022-01-11 18:12:44,2022-01-11 18:12:44,
317,PIM,Putnam Master Intermediate Income Trust CEF,04/19/1988,Global Fixed Income,Global,Investment grade,"199,584,711.00  $",7%,9%,2.54,"137,158",Analyze,2022-01-11 18:12:44,2022-01-11 18:12:44,
318,HIE,Miller/Howard High Income Equity Fund CEF,11/25/2014,US Equity,Broad Market,Multi-cap,"199,055,689.00  $",7%,10%,1.46,"65,905",Analyze,2022-01-11 18:12:44,2022-01-11 18:12:44,
319,BNY,Blackrock New York Municipal Income Trust CEF,07/27/2001,US Fixed Income,Municipal bonds,Investment grade,"192,694,699.00  $",5%,6%,1.70,"37,240",Analyze,2022-01-11 18:12:44,2022-01-11 18:12:44,
320,NIQ,Nuveen Intermediate Duration Quality Municipal Term Fund CEF,02/08/2013,US Fixed Income,Municipal bonds,Investment grade,"191,611,217.00  $",4%,4%,1.35,"21,173",Analyze,2022-01-11 18:12:44,2022-01-11 18:12:44,
321,CHN,"The China Fund, Inc. CEF",07/10/1992,Global Equity,Single country,Large and mid cap,"191,425,964.00  $",40%,11%,1.04,"50,950",Analyze,2022-01-11 18:12:44,2022-01-11 18:12:44,
322,GER,Goldman Sachs MLP and Energy Renaissance Fund CEF,09/26/2014,Special Security Types,MLPs,Energy,"189,486,503.00  $",6%,14%,1.64,"114,684",Analyze,2022-01-11 18:12:44,2022-01-11 18:12:44,
323,PFD,Flaherty & Crumrine Preferred and Income Fund CEF,01/15/1991,Special Security Types,Preferred stock,U.S.,"189,029,453.00  $",7%,8%,1.50,"42,381",Analyze,2022-01-11 18:12:44,2022-01-11 18:12:44,
324,CTR,ClearBridge Energy MLP and Midstream Total Return Fund Inc. CEF,01/02/2001,US Equity,Single sector,Energy,"187,322,751.00  $",6%,5%,1.49,"28,737",Analyze,2022-01-11 18:12:44,2022-01-11 18:12:44,
325,BGX,Blackstone/GSO Long-Short Credit Income Fund CEF,01/27/2011,US Fixed Income,Bank loans,Broad market,"187,185,835.00  $",7%,8%,1.25,"56,044",Analyze,2022-01-11 18:12:44,2022-01-11 18:12:44,
326,BTA,Blackrock Long-Term Municipal Advantage Trust CEF,02/24/2006,US Fixed Income,Municipal bonds,Investment grade,"186,353,255.00  $",5%,14%,1.64,"41,612",Analyze,2022-01-11 18:12:44,2022-01-11 18:12:44,
327,IGA,Voya Global Advantage and Premium Opportunity Fund CEF,10/27/2005,Alternatives,Options,Covered calls,"185,450,378.00  $",8%,10%,1.02,"65,657",Analyze,2022-01-11 18:12:44,2022-01-11 18:12:44,
328,CBH,AllianzGI Convertible & Income 2024 Target Term Fund CEF,06/28/2017,US Fixed Income,Broad market,Unconstrained,"184,228,426.00  $",11%,7%,1.43,"37,659",Analyze,2022-01-11 18:12:44,2022-01-11 18:12:44,
329,MSD,"Morgan Stanley Emerging Markets Debt Fund, Inc. CEF",10/27/1994,Global Fixed Income,Emerging markets,Broad market,"182,461,144.00  $",5%,13%,1.04,"54,663",Analyze,2022-01-11 18:12:44,2022-01-11 18:12:44,
330,DMF,"Dreyfus Municipal Income, Inc. CEF",11/25/1991,US Fixed Income,Municipal bonds,Investment grade,"182,192,006.00  $",5%,7%,1.31,"72,294",Analyze,2022-01-11 18:12:44,2022-01-11 18:12:44,
331,NAZ,Nuveen Arizona Quality Municipal Income Fund CEF,10/27/1994,US Fixed Income,Municipal bonds,Investment grade,"181,727,699.00  $",4%,6%,1.57,"10,456",Analyze,2022-01-11 18:12:44,2022-01-11 18:12:44,
332,ASGI,Aberdeen Standard Global Infrastructure Income CEF,07/29/2020,Global Equity,Single industry,Infrastructure,"180,553,450.00  $",6%,6%,1.00,"23,917",Analyze,2022-01-11 18:12:44,2022-01-11 18:12:44,
333,ACP,Aberdeen Income Credit Strategies Fund CEF,01/27/2011,Global Fixed Income,Global,Corporate bonds,"180,073,552.00  $",12%,18%,1.46,"187,416",Analyze,2022-01-11 18:12:44,2022-01-11 18:12:44,
334,EVG,Eaton Vance Short Duration Diversified Income Fund CEF,02/24/2005,Global Fixed Income,Global,Broad market,"179,699,990.00  $",9%,7%,1.36,"54,217",Analyze,2022-01-11 18:12:44,2022-01-11 18:12:44,
335,CIK,"Credit Suisse Asset Management Income Fund, Inc. CEF",11/05/1987,US Fixed Income,Corporate bonds,High yield,"179,492,912.00  $",8%,11%,1.37,"226,301",Analyze,2022-01-11 18:12:44,2022-01-11 18:12:44,
336,NHS,Neuberger Berman High Yield Strategies Fund Inc. CEF,07/29/2003,US Fixed Income,Corporate bonds,High yield,"178,282,223.00  $",10%,10%,1.55,"33,871",Analyze,2022-01-11 18:12:44,2022-01-11 18:12:44,
337,KF,Korea Fund CEF,11/05/1987,Global Equity,Single country,Multi-cap,"174,633,611.00  $",6%,17%,1.00,"12,621",Analyze,2022-01-11 18:12:44,2022-01-11 18:12:44,
338,DMO,Western Asset Mortgage Defined Opportunity Fund Inc. CEF,02/24/2010,US Fixed Income,Mortgage backed,Investment grade,"174,074,764.00  $",10%,12%,1.40,"52,135",Analyze,2022-01-11 18:12:44,2022-01-11 18:12:44,
339,GLQ,Clough Global Equity Fund CEF,04/27/2005,Asset Allocation,Global,Moderate,"172,133,085.00  $",12%,10%,1.74,"222,746",Analyze,2022-01-11 18:12:44,2022-01-11 18:12:44,
340,JHS,John Hancock Income Securities Trust CEF,01/05/1988,US Fixed Income,Broad market,Investment grade,"171,437,731.00  $",6%,8%,1.55,"23,133",Analyze,2022-01-11 18:12:44,2022-01-11 18:12:44,
341,FMN,Federated Premier Municipal Income Fund CEF,12/20/2002,US Fixed Income,Municipal bonds,Investment grade,"170,425,598.00  $",4%,6%,1.66,"24,887",Analyze,2022-01-11 18:12:44,2022-01-11 18:12:44,
342,MHF,Western Asset Municipal High Income Fund Inc. CEF,06/30/1989,US Fixed Income,Municipal bonds,Unconstrained,"169,169,544.00  $",4%,6%,1.01,"17,757",Analyze,2022-01-11 18:12:44,2022-01-11 18:12:44,
343,MCN,Madison Covered Call & Equity Strategy Fund CEF,07/28/2004,Alternatives,Options,Covered calls,"169,130,197.00  $",9%,9%,1.09,"73,717",Analyze,2022-01-11 18:12:44,2022-01-11 18:12:44,
344,JPT,Nuveen Preferred & Income 2022 Term Fund CEF,01/27/2017,Special Security Types,Preferred stock,Global,"167,322,130.00  $",6%,6%,1.28,"12,293",Analyze,2022-01-11 18:12:44,2022-01-11 18:12:44,
345,CEE,Central and Eastern Europe Fund CEF,02/28/1990,Global Equity,Europe,Large and mid cap,"164,485,895.00  $",4%,5%,1.01,"7,139",Analyze,2022-01-11 18:12:44,2022-01-11 18:12:44,
346,VMM,Delaware Investments Minnesota Municipal Income Fund II CEF,08/18/1995,US Fixed Income,Municipal bonds,Investment grade,"162,105,098.00  $",3%,6%,1.44,"15,158",Analyze,2022-01-11 18:12:44,2022-01-11 18:12:44,
347,WEA,Western Asset Premier Bond Fund CEF,03/27/2002,US Fixed Income,Broad market,Investment grade,"161,934,550.00  $",6%,8%,1.40,"24,603",Analyze,2022-01-11 18:12:44,2022-01-11 18:12:44,
348,HEQ,John Hancock Hedged Equity & Income Fund CEF,05/26/2011,Global Equity,Global,Large and mid cap,"161,476,570.00  $",9%,9%,1.00,"51,416",Analyze,2022-01-11 18:12:44,2022-01-11 18:12:44,
349,ECF,Ellsworth Growth & Income Fund Ltd. CEF,02/22/1990,Asset Allocation,US,Moderate,"161,048,534.00  $",13%,9%,1.01,"65,462",Analyze,2022-01-11 18:12:44,2022-01-11 18:12:44,
350,JHI,John Hancock Investors Trust CEF,07/01/1985,US Fixed Income,Broad market,Unconstrained,"159,639,012.00  $",8%,8%,1.55,"17,567",Analyze,2022-01-11 18:12:44,2022-01-11 18:12:44,
351,CXE,MFS High Income Municipal Trust CEF,06/30/1989,US Fixed Income,Municipal bonds,High yield,"157,618,340.00  $",5%,7%,1.61,"86,899",Analyze,2022-01-11 18:12:44,2022-01-11 18:12:44,
352,PFO,Flaherty & Crumrine Preferred Income Opportunity Fund Incorporated CEF,02/06/1992,Special Security Types,Preferred stock,U.S.,"157,561,980.00  $",7%,9%,1.50,"22,838",Analyze,2022-01-11 18:12:44,2022-01-11 18:12:44,
353,MPV,Barings Participation Investors CEF,06/01/1988,US Fixed Income,Corporate bonds,High yield,"152,770,497.00  $",5%,9%,1.10,"5,393",Analyze,2022-01-11 18:12:44,2022-01-11 18:12:44,
354,JSD,Nuveen Short Duration Credit Opportunities Fund CEF,05/26/2011,US Fixed Income,Bank loans,Broad market,"151,688,146.00  $",7%,8%,1.64,"27,194",Analyze,2022-01-11 18:12:44,2022-01-11 18:12:44,
355,AGD,Aberdeen Global Dynamic Dividend Fund CEF,07/26/2006,Global Equity,Global,Large and mid cap,"151,347,947.00  $",6%,12%,1.00,"44,360",Analyze,2022-01-11 18:12:44,2022-01-11 18:12:44,
356,MNP,Western Asset Municipal Partners Fund Inc. CEF,01/25/1993,US Fixed Income,Municipal bonds,Investment grade,"149,284,808.00  $",5%,6%,1.53,"16,167",Analyze,2022-01-11 18:12:44,2022-01-11 18:12:44,
357,NMT,Nuveen Massachusetts Quality Municipal Income Fund CEF,10/27/1994,US Fixed Income,Municipal bonds,Investment grade,"147,773,322.00  $",4%,6%,1.54,"9,068",Analyze,2022-01-11 18:12:44,2022-01-11 18:12:44,
358,FPL,First Trust New Opportunities MLP & Energy Fund CEF,03/27/2014,Special Security Types,MLPs,Energy,"147,516,469.00  $",8%,9%,1.37,"158,443",Analyze,2022-01-11 18:12:44,2022-01-11 18:12:44,
359,PHD,Pioneer Floating Rate Trust CEF,12/23/2004,US Fixed Income,Bank loans,Broad market,"145,845,840.00  $",7%,9%,1.57,"53,215",Analyze,2022-01-11 18:12:44,2022-01-11 18:12:44,
360,NKG,Nuveen Georgia Quality Municipal Income Fund CEF,09/26/2002,US Fixed Income,Municipal bonds,Investment grade,"143,205,411.00  $",4%,5%,1.54,"12,425",Analyze,2022-01-11 18:12:44,2022-01-11 18:12:44,
361,PAI,Western Asset Income Fund CEF,12/30/1987,Global Fixed Income,Global,Broad market,"143,114,890.00  $",4%,10%,1.01,"12,206",Analyze,2022-01-11 18:12:44,2022-01-11 18:12:44,
362,BCV,Bancroft Fund CEF,09/07/1984,Special Security Types,Convertible bonds,,"142,358,879.00  $",16%,8%,1.01,"27,343",Analyze,2022-01-11 18:12:44,2022-01-11 18:12:44,
363,GGZ,Gabelli Global Small & Mid Cap Value Trust CEF,06/12/2014,Global Equity,Global ex-US,Multi-cap,"141,698,668.00  $",7%,3%,1.00,"14,058",Analyze,2022-01-11 18:12:44,2022-01-11 18:12:44,
364,BANX,StoneCastle Financial CEF,11/07/2013,US Equity,Single industry,Banking,"141,499,724.00  $",7%,8%,1.36,"15,427",Analyze,2022-01-11 18:12:44,2022-01-11 18:12:44,
365,RMI,"RiverNorth Opportunistic Municipal Income Fund, Inc. CEF",10/26/2018,US Fixed Income,Municipal bonds,Unconstrained,"140,849,223.00  $",12%,7%,1.00,"24,828",Analyze,2022-01-11 18:12:44,2022-01-11 18:12:44,
366,DCF,"Dreyfus Alcentra Global Credit Income 2024 Target Term Fund, Inc. CEF",10/27/2017,US Fixed Income,Broad market,Unconstrained,"138,738,852.00  $",6%,7%,1.52,"28,986",Analyze,2022-01-11 18:12:44,2022-01-11 18:12:44,
367,CGO,Calamos Global Total Return Fund CEF,10/27/2005,Asset Allocation,Global,Moderate,"137,954,695.00  $",8%,9%,1.55,"26,132",Analyze,2022-01-11 18:12:44,2022-01-11 18:12:44,
368,ERH,Wells Fargo Utilities and High Income Fund CEF,04/28/2004,Asset Allocation,US,Conservative,"137,641,037.00  $",6%,11%,1.25,"13,754",Analyze,2022-01-11 18:12:44,2022-01-11 18:12:44,
369,IAF,"Aberdeen Australia Equity Fund, Inc. CEF",02/25/1988,Global Equity,Single country,Large and mid cap,"136,795,014.00  $",11%,9%,1.00,"79,659",Analyze,2022-01-11 18:12:44,2022-01-11 18:12:44,
370,RFM,RiverNorth Flexible Municipal Income Fund CEF,03/27/2020,US Fixed Income,Municipal bonds,Unconstrained,"136,418,935.00  $",12%,9%,1.00,"37,596",Analyze,2022-01-11 18:12:44,2022-01-11 18:12:44,
371,MGF,MFS Government Markets Income Trust CEF,05/20/1987,Global Fixed Income,Global,Investment grade,"136,210,692.00  $",9%,8%,1.07,"172,451",Analyze,2022-01-11 18:12:44,2022-01-11 18:12:44,
372,RGT,Royce Global Value Trust CEF,10/09/2013,Global Equity,Global,Small cap,"136,124,971.00  $",22%,5%,1.05,"15,778",Analyze,2022-01-11 18:12:44,2022-01-11 18:12:44,
373,KSM,Deutsche Strategic Municipal Income Trust CEF,06/30/1989,US Fixed Income,Municipal bonds,Unconstrained,"135,007,489.00  $",4%,7%,1.60,"22,624",Analyze,2022-01-11 18:12:44,2022-01-11 18:12:44,
374,SBI,Western Asset Intermediate Muni Fund Inc. CEF,03/17/1992,US Fixed Income,Municipal bonds,Investment grade,"133,077,877.00  $",3%,5%,1.33,"19,011",Analyze,2022-01-11 18:12:44,2022-01-11 18:12:44,
375,SPE,Special Opportunities Fund CEF,10/27/1994,Special Security Types,Closed end funds,,"132,615,101.00  $",8%,7%,1.45,"59,286",Analyze,2022-01-11 18:12:44,2022-01-11 18:12:44,
376,SPE^,"Special Opportunities Fund Inc. Rights (expiring January 21, 2022) Rights",12/23/2021,US Equity,Closed end funds,,"132,615,101.00  $",0%,0%,1.00,0,Analyze,2022-01-11 18:12:44,2022-01-11 18:12:44,
377,NIM,Nuveen Select Maturities Municipal Fund CEF,10/27/1994,US Fixed Income,Municipal bonds,Investment grade,"131,796,394.00  $",3%,5%,1.01,"26,709",Analyze,2022-01-11 18:12:44,2022-01-11 18:12:44,
378,SWZ,"The Swiss Helvetia Fund, Inc. CEF",01/05/1988,Global Equity,Single country,Multi-cap,"130,364,242.00  $",6%,5%,1.00,"17,811",Analyze,2022-01-11 18:12:44,2022-01-11 18:12:44,
379,IHD,Voya Emerging Markets High Dividend Equity Fund CEF,04/27/2011,Alternatives,Options,Covered calls,"128,950,126.00  $",10%,10%,1.02,"89,141",Analyze,2022-01-11 18:12:44,2022-01-11 18:12:44,
380,HNW,Pioneer Diversified High Income Trust CEF,05/25/2007,Global Fixed Income,Global,Broad market,"127,575,016.00  $",9%,11%,1.49,"29,122",Analyze,2022-01-11 18:12:44,2022-01-11 18:12:44,
381,PNI,PIMCO New York Municipal Income Fund II CEF,06/26/2002,US Fixed Income,Municipal bonds,Investment grade,"126,877,613.00  $",5%,6%,1.85,"20,560",Analyze,2022-01-11 18:12:44,2022-01-11 18:12:44,
382,CMU,MFS High Yield Municipal Trust CEF,03/19/1987,US Fixed Income,Municipal bonds,High yield,"126,614,154.00  $",5%,7%,1.58,"54,804",Analyze,2022-01-11 18:12:44,2022-01-11 18:12:44,
383,SPPP,Sprott Physical Platinum & Palladium Trust CEF,12/19/2012,Commodities,Precious metals,Broad market,"125,465,599.00  $",0%,0%,1.02,"61,059",Analyze,2022-01-11 18:12:44,2022-01-11 18:12:44,
384,VGI,Virtus Global Multi-Sector Income Fund CEF,02/24/2012,Global Fixed Income,Global,Broad market,"125,400,253.00  $",11%,11%,1.41,"65,518",Analyze,2022-01-11 18:12:44,2022-01-11 18:12:44,
385,PCM,"PCM Fund, Inc. CEF",08/27/1993,US Fixed Income,Municipal bonds,Unconstrained,"125,225,999.00  $",10%,10%,1.64,"36,604",Analyze,2022-01-11 18:12:44,2022-01-11 18:12:44,
386,GCV,Gabelli Convertible & Income Securities Fund CEF,07/03/1989,Special Security Types,Convertible bonds,,"125,162,210.00  $",9%,8%,1.35,"43,082",Analyze,2022-01-11 18:12:44,2022-01-11 18:12:44,
387,GDL,The GDL Fund CEF,01/26/2007,Alternatives,Market Neutral,,"123,884,622.00  $",5%,8%,1.05,"11,087",Analyze,2022-01-11 18:12:44,2022-01-11 18:12:44,
388,DEX,Delaware Enhanced Global Dividend and Income Fund CEF,06/27/2007,Asset Allocation,Global,Aggressive,"123,435,414.00  $",7%,9%,1.49,"20,083",Analyze,2022-01-11 18:12:44,2022-01-11 18:12:44,
389,SMM,Salient Midstream & MLP Fund CEF,05/25/2012,Special Security Types,MLPs,Energy,"122,816,565.00  $",4%,7%,1.42,"76,902",Analyze,2022-01-11 18:12:44,2022-01-11 18:12:44,
390,EXD,Eaton Vance Tax-Advantaged Bond and Options Strategies Fund CEF,06/25/2010,Alternatives,Options,Broad,"120,963,614.00  $",7%,10%,1.07,"37,674",Analyze,2022-01-11 18:12:44,2022-01-11 18:12:44,
391,SZC,The Cushing NextGen Infrastructure Income Fund CEF,09/26/2012,US Equity,Single sector,Energy,"120,069,101.00  $",6%,12%,1.31,"15,954",Analyze,2022-01-11 18:12:44,2022-01-11 18:12:44,
392,DTF,DTF Tax-Free Income CEF,11/15/1991,US Fixed Income,Municipal bonds,Investment grade,"119,715,624.00  $",4%,6%,1.57,"24,929",Analyze,2022-01-11 18:12:44,2022-01-11 18:12:44,
393,PGP,PIMCO Global StocksPLUS & Income Fund CEF,05/26/2005,Asset Allocation,Global,Moderate,"118,551,897.00  $",8%,12%,2.55,"53,587",Analyze,2022-01-11 18:12:44,2022-01-11 18:12:44,
394,FAM,First Trust/Aberdeen Global Opportunity Income Fund CEF,11/24/2004,Global Fixed Income,Global,Broad market,"117,207,083.00  $",10%,10%,1.41,"50,218",Analyze,2022-01-11 18:12:44,2022-01-11 18:12:44,
395,JLS,Nuveen Mortgage Opportunity Term Fund CEF,11/25/2009,US Fixed Income,Mortgage backed,Investment grade,"114,592,563.00  $",5%,8%,1.25,"14,286",Analyze,2022-01-11 18:12:44,2022-01-11 18:12:44,
396,GLU,Gabelli Global Utility & Income Trust CEF,05/26/2004,Asset Allocation,Global,Moderate,"113,521,880.00  $",7%,7%,1.00,"8,106",Analyze,2022-01-11 18:12:44,2022-01-11 18:12:44,
397,GNT,"GAMCO Natural Resources, Gold & Income Trust CEF",01/27/2011,Alternatives,Options,Covered calls,"112,478,756.00  $",8%,11%,1.07,"57,248",Analyze,2022-01-11 18:12:44,2022-01-11 18:12:44,
398,EDF,Stone Harbor Emerging Markets Income Fund CEF,08/22/2008,Global Fixed Income,Emerging markets,Broad market,"108,893,431.00  $",14%,10%,1.07,"108,756",Analyze,2022-01-11 18:12:44,2022-01-11 18:12:44,
399,JEQ,Aberdeen Japan Equity Fund CEF,08/14/1992,Global Equity,Single country,Large and mid cap,"108,475,048.00  $",11%,2%,1.00,"44,116",Analyze,2022-01-11 18:12:44,2022-01-11 18:12:44,
400,PGZ,Principal Real Estate Income Fund CEF,06/26/2013,Asset Allocation,US,Moderate,"108,350,561.00  $",9%,9%,1.40,"29,507",Analyze,2022-01-11 18:12:44,2022-01-11 18:12:44,
401,RSF,RiverNorth Marketplace Lending Corporation CEF,06/12/2019,US Fixed Income,Broad market,Investment grade,"108,177,384.00  $",12%,22%,1.00,"16,837",Analyze,2022-01-11 18:12:44,2022-01-11 18:12:44,
402,JEMD,Nuveen Emerging Markets Debt 2022 Target Term Fund CEF,09/27/2017,Global Fixed Income,Emerging markets,Broad market,"107,992,199.00  $",5%,5%,1.38,"106,057",Analyze,2022-01-11 18:12:44,2022-01-11 18:12:44,
403,VCIF,Vertical Capital Income Fund CEF,05/29/2019,US Fixed Income,Mortgage backed,Unconstrained,"105,876,020.00  $",12%,22%,1.00,"21,078",Analyze,2022-01-11 18:12:44,2022-01-11 18:12:44,
404,EIC,Eagle Point Income Company CEF,07/23/2019,US Fixed Income,Mortgage backed,Unconstrained,"104,542,561.00  $",10%,10%,1.31,"24,459",Analyze,2022-01-11 18:12:44,2022-01-11 18:12:44,
405,NXC,Nuveen California Select Tax-Free Income Portfolio CEF,06/19/1992,US Fixed Income,Municipal bonds,Investment grade,"103,599,685.00  $",3%,5%,1.00,"12,848",Analyze,2022-01-11 18:12:44,2022-01-11 18:12:44,
406,NMI,Nuveen Municipal Income Fund CEF,12/16/1988,US Fixed Income,Municipal bonds,Investment grade,"103,377,506.00  $",3%,6%,1.00,"15,561",Analyze,2022-01-11 18:12:44,2022-01-11 18:12:44,
407,IAE,Voya Asia Pacific High Dividend Equity Income Fund CEF,03/27/2007,Alternatives,Options,Covered calls,"97,570,603.00  $",11%,10%,1.01,"70,407",Analyze,2022-01-11 18:12:44,2022-01-11 18:12:44,
408,CEV,Eaton Vance California Municipal Income Trust CEF,01/27/1999,US Fixed Income,Municipal bonds,Investment grade,"97,515,970.00  $",5%,6%,1.58,"18,179",Analyze,2022-01-11 18:12:44,2022-01-11 18:12:44,
409,TPZ,"Tortoise Power and Energy Infrastructure Fund, Inc. CEF",07/29/2009,Asset Allocation,US,Moderate,"97,457,689.00  $",5%,7%,1.40,"20,983",Analyze,2022-01-11 18:12:44,2022-01-11 18:12:44,
410,PNF,PIMCO New York Municipal Income Fund CEF,06/27/2001,US Fixed Income,Municipal bonds,Investment grade,"94,627,439.00  $",4%,6%,1.90,"11,654",Analyze,2022-01-11 18:12:44,2022-01-11 18:12:44,
411,VLT,Invesco High Income Trust II CEF,06/30/1989,US Fixed Income,Broad market,High yield,"92,679,983.00  $",8%,8%,1.36,"22,026",Analyze,2022-01-11 18:12:44,2022-01-11 18:12:44,
412,CXH,MFS Investment Grade Municipal Trust CEF,06/30/1989,US Fixed Income,Municipal bonds,Investment grade,"90,738,040.00  $",5%,6%,1.58,"21,586",Analyze,2022-01-11 18:12:44,2022-01-11 18:12:44,
413,DDF,Delaware Investments Dividend & Income Fund CEF,10/27/1994,US Equity,Broad Market,Multi-cap,"89,490,171.00  $",9%,11%,1.46,"18,687",Analyze,2022-01-11 18:12:44,2022-01-11 18:12:44,
414,GLV,Clough Global Dividend and Income Fund CEF,07/28/2004,Asset Allocation,Global,Moderate,"89,290,018.00  $",11%,10%,1.72,"65,709",Analyze,2022-01-11 18:12:44,2022-01-11 18:12:44,
415,NMS,Nuveen Minnesota Quality Municipal Income Fund CEF,10/08/2014,US Fixed Income,Municipal bonds,Investment grade,"87,660,972.00  $",5%,5%,1.69,"8,752",Analyze,2022-01-11 18:12:44,2022-01-11 18:12:44,
416,IHTA,Invesco High Income 2024 Target Term Fund CEF,11/30/2017,US Fixed Income,Mortgage backed,Investment grade,"86,377,301.00  $",6%,6%,1.00,"7,714",Analyze,2022-01-11 18:12:44,2022-01-11 18:12:44,
417,MFD,Macquarie/First Trust Global Infrastructure/Utilities Dividend & Income Fund CEF,03/26/2004,Global Equity,Single industry,Infrastructure,"83,850,406.00  $",8%,9%,1.43,"32,075",Analyze,2022-01-11 18:12:44,2022-01-11 18:12:44,
418,DYFN,Angel Oak Dynamic Financial Strategies Income Term Trust CEF,06/26/2020,US Fixed Income,Corporate bonds,Investment grade,"83,533,000.00  $",8%,7%,1.40,"8,133",Analyze,2022-01-11 18:12:44,2022-01-11 18:12:44,
419,EDI,Stone Harbor Emerging Markets Total Income Fund CEF,10/26/2012,Global Fixed Income,Emerging markets,Broad market,"77,938,659.00  $",12%,12%,1.52,"54,209",Analyze,2022-01-11 18:12:44,2022-01-11 18:12:44,
420,JHAA,Nuveen High Income 2023 Target Term Fund CEF,12/19/2018,US Fixed Income,Corporate bonds,High yield,"77,633,249.00  $",5%,5%,1.00,"8,917",Analyze,2022-01-11 18:12:44,2022-01-11 18:12:44,
421,NBW,Neuberger Berman California Intermediate Municipal Fund CEF,09/25/2002,US Fixed Income,Municipal bonds,Investment grade,"77,402,092.00  $",4%,5%,1.64,"17,922",Analyze,2022-01-11 18:12:44,2022-01-11 18:12:44,
422,EEA,European Equity Fund CEF,11/05/1987,Global Equity,Europe,Large and mid cap,"74,290,566.00  $",14%,7%,1.05,"18,181",Analyze,2022-01-11 18:12:44,2022-01-11 18:12:44,
423,HTY,John Hancock Tax-Advantaged Global Shareholder Yield Fund CEF,09/26/2007,Global Equity,Global,Large and mid cap,"72,247,390.00  $",9%,11%,1.06,"71,720",Analyze,2022-01-11 18:12:44,2022-01-11 18:12:44,
424,SRV,Cushing MLP Total Return Fund CEF,08/27/2007,Special Security Types,MLPs,Energy,"71,069,377.00  $",4%,3%,1.64,"7,806",Analyze,2022-01-11 18:12:44,2022-01-11 18:12:44,
425,JMM,Nuveen Multi-Market Income Fund CEF,06/30/1989,US Fixed Income,Broad market,Investment grade,"70,098,989.00  $",5%,8%,1.43,"7,722",Analyze,2022-01-11 18:12:44,2022-01-11 18:12:44,
426,VCF,Delaware Investments Colorado Municipal Income Fund CEF,08/18/1995,US Fixed Income,Municipal bonds,Investment grade,"69,122,159.00  $",3%,6%,1.40,"8,214",Analyze,2022-01-11 18:12:44,2022-01-11 18:12:44,
427,FEO,First Trust/Aberdeen Emerging Opportunity Fund CEF,08/29/2006,Asset Allocation,Emerging markets,Moderate,"66,141,377.00  $",11%,9%,1.08,"13,885",Analyze,2022-01-11 18:12:44,2022-01-11 18:12:44,
428,NBO,Neuberger Berman New York Intermediate Municipal Fund CEF,09/25/2002,US Fixed Income,Municipal bonds,Investment grade,"65,211,297.00  $",4%,5%,1.65,"7,512",Analyze,2022-01-11 18:12:44,2022-01-11 18:12:44,
429,VFL,Delaware Investments National Municipal Income Fund CEF,08/18/1995,US Fixed Income,Municipal bonds,Investment grade,"63,851,060.00  $",4%,6%,1.45,"10,140",Analyze,2022-01-11 18:12:44,2022-01-11 18:12:44,
430,FCO,Aberdeen Global Income Fund CEF,03/12/1992,Global Fixed Income,Global,Broad market,"63,103,147.00  $",12%,8%,1.37,"55,370",Analyze,2022-01-11 18:12:44,2022-01-11 18:12:44,
431,EGF,Blackrock Enhanced Government Fund CEF,10/27/2005,US Fixed Income,U.S. treasury bonds,Intermediate term,"59,802,886.00  $",4%,6%,1.26,"6,714",Analyze,2022-01-11 18:12:44,2022-01-11 18:12:44,
432,FGB,First Trust Specialty Finance and Financial Opportunities Fund CEF,05/25/2007,US Equity,Single sector,Financials,"59,603,180.00  $",8%,10%,1.25,"62,558",Analyze,2022-01-11 18:12:44,2022-01-11 18:12:44,
433,FMY,First Trust Mortgage Income Fund CEF,05/26/2005,US Fixed Income,Mortgage backed,Investment grade,"56,287,216.00  $",5%,7%,1.00,"2,973",Analyze,2022-01-11 18:12:44,2022-01-11 18:12:44,
434,IRL,New Ireland Fund CEF,03/30/1990,Global Equity,Single country,Large and mid cap,"54,841,183.00  $",21%,7%,1.00,"21,027",Analyze,2022-01-11 18:12:44,2022-01-11 18:12:44,
435,PYN,PIMCO New York Municipal Income Fund III CEF,10/29/2002,US Fixed Income,Municipal bonds,Investment grade,"53,678,221.00  $",5%,6%,1.95,"14,050",Analyze,2022-01-11 18:12:44,2022-01-11 18:12:44,
436,NXN,Nuveen New York Select Tax-Free Income Portfolio CEF,06/19/1992,US Fixed Income,Municipal bonds,Investment grade,"52,318,837.00  $",3%,5%,1.00,"6,766",Analyze,2022-01-11 18:12:44,2022-01-11 18:12:44,
437,OCCI,"OFS Credit Company, Inc. CEF",10/05/2018,US Fixed Income,Bank loans,Broad market,"50,787,273.00  $",16%,15%,1.65,"63,142",Analyze,2022-01-11 18:12:44,2022-01-11 18:12:44,
438,CIF,MFS Intermediate High Income Fund CEF,10/05/1988,US Fixed Income,Corporate bonds,High yield,"50,418,210.00  $",10%,11%,1.43,"70,368",Analyze,2022-01-11 18:12:44,2022-01-11 18:12:44,
439,PCF,High Income Securities Fund CEF,07/09/1987,Asset Allocation,US,Moderate,"48,359,902.00  $",13%,8%,1.00,"86,641",Analyze,2022-01-11 18:12:44,2022-01-11 18:12:44,
440,MFV,MFS Special Value Trust CEF,11/17/1989,Asset Allocation,US,Moderate,"48,057,122.00  $",9%,12%,1.00,"13,361",Analyze,2022-01-11 18:12:44,2022-01-11 18:12:44,
441,NDP,"Tortoise Energy Independence Fund, Inc. CEF",07/26/2012,US Equity,Single sector,Energy,"44,673,127.00  $",3%,1%,1.15,"9,526",Analyze,2022-01-11 18:12:44,2022-01-11 18:12:44,
442,GRF,Eagle Capital Growth Fund CEF,01/02/2003,US Equity,Broad market,Large and mid cap,"41,965,506.00  $",9%,11%,1.00,"14,343",Analyze,2022-01-11 18:12:44,2022-01-11 18:12:44,
443,MXE,Mexico Equity & Income Fund CEF,08/15/1990,Global Equity,Single country,Multi-cap,"39,425,873.00  $",0%,9%,1.02,"20,041",Analyze,2022-01-11 18:12:44,2022-01-11 18:12:44,
444,NOM,Nuveen Missouri Quality Municipal Income Fund CEF,08/18/1995,US Fixed Income,Municipal bonds,Investment grade,"35,392,348.00  $",4%,5%,1.57,"1,814",Analyze,2022-01-11 18:12:44,2022-01-11 18:12:44,
445,CUBA,Herzfeld Caribbean Basin Fund CEF,05/27/1994,Global Equity,Emerging markets,Miscellaneous region,"34,374,285.00  $",15%,5%,1.00,"20,354",Analyze,2022-01-11 18:12:44,2022-01-11 18:12:44,
446,BHV,Blackrock Virginia Municipal Bond Trust CEF,04/26/2002,US Fixed Income,Municipal bonds,Investment grade,"31,204,719.00  $",3%,5%,1.65,"2,066",Analyze,2022-01-11 18:12:44,2022-01-11 18:12:44,
447,RCG,"RENN Fund, Inc. CEF",05/15/1996,Asset Allocation,US,Moderate,"15,058,449.00  $",2%,8%,1.00,"16,926",Analyze,2022-01-11 18:12:44,2022-01-11 18:12:44,
448,ECAT,BlackRock ESG Capital Allocation Trust of Beneficial Interest,09/28/2021,Alternatives,Options,Broad,0.00  $,1%,4%,1.00,"573,741",Analyze,2022-01-11 18:12:44,2022-01-11 18:12:44,
449,GUG,Guggenheim Active Allocation Fund Common Shares of Beneficial Interest,11/24/2021,US Equity,Closed end funds,,0.00  $,0%,0%,1.00,"53,076",Analyze,2022-01-11 18:12:44,2022-01-11 18:12:44,
450,MEGI,MainStay CBRE Global Infrastructure Megatrends Fund Common Shares,10/27/2021,US Equity,Closed end funds,,0.00  $,2%,8%,1.00,"186,603",Analyze,2022-01-11 18:12:44,2022-01-11 18:12:44,
451,MIO,Pioneer Municipal High Income Opportunities Fund CEF,08/06/2021,US Fixed Income,Municipal bonds,Unconstrained,0.00  $,1%,2%,1.00,"142,832",Analyze,2022-01-11 18:12:44,2022-01-11 18:12:44,
452,NBXG,Neuberger Berman Next Generation Connectivity Fund CEF,05/26/2021,Global Equity,Single industry,Information technology,0.00  $,4%,6%,1.00,"973,658",Analyze,2022-01-11 18:12:44,2022-01-11 18:12:44,
453,NMAI,Nuveen Multi-Asset Income Fund Common Shares of Beneficial Interest,11/22/2021,US Equity,Closed end funds,,0.00  $,2%,14%,1.00,"93,299",Analyze,2022-01-11 18:12:44,2022-01-11 18:12:44,
454,NNY,Nuveen New York Municipal Value Fund CEF,10/07/1987,US Fixed Income,Municipal bonds,Investment grade,0.00  $,3%,5%,1.02,"25,778",Analyze,2022-01-11 18:12:44,2022-01-11 18:12:44,
455,NPFD,Nuveen Variable Rate Preferred & Income Fund CEF,12/16/2021,Special Security Types,Preferred stock,U.S.,0.00  $,0%,0%,1.00,"135,725",Analyze,2022-01-11 18:12:44,2022-01-11 18:12:44,
456,SDHY,PGIM Short Duration High Yield Opportunities Fund CEF,11/25/2020,US Fixed Income,Broad market,High yield,0.00  $,8%,7%,1.20,"183,343",Analyze,2022-01-11 18:12:44,2022-01-11 18:12:44,